"DATE","DEPTH","DO"
"1993-09-05",0.5,8.2
"1993-09-05",1,8.2
"1993-09-05",2,8.2
"1993-09-05",3,8.2
"1993-09-05",4,8.2
"1993-09-05",5,8.2
"1993-09-05",6,8.2
"1993-09-05",7,8.2
"1993-09-05",8,8.3
"1993-09-05",9,8.3
"1993-09-05",10,8.3
"1993-09-05",11,8.4
"1993-09-05",12,8.8
"1993-09-05",13,8.6
"1993-09-05",14,7.5
"1993-09-05",15,7.3
"1993-09-05",16,7.4
"1993-09-05",17,7.4
"1993-09-05",18,7.7
"1993-09-05",19,7.2
"1993-09-05",20,6.8
"1993-09-05",21,7.2
"1993-09-05",22,6.8
"1993-10-17",0.5,10.6
"1993-10-17",2,10.5
"1993-10-17",4,10.5
"1993-10-17",6,10.5
"1993-10-17",8,10.5
"1993-10-17",10,10.4
"1993-10-17",12,10.4
"1993-10-17",14,10.4
"1993-10-17",16,10.2
"1993-10-17",18,10.2
"1993-10-17",20,10
"1993-05-30",0.5,9.9
"1993-05-30",2,9.5
"1993-05-30",4,9
"1993-05-30",6,8.5
"1993-05-30",8,7.8
"1993-05-30",10,7.2
"1993-05-30",11,6.3
"1993-05-30",12,7.4
"1993-05-30",14,6.2
"1993-05-30",16,5.6
"1993-05-30",18,5.4
"1993-05-30",20,5.2
"1993-06-13",25,9.5
"1993-06-13",24,9.5
"1993-06-13",23,9.5
"1993-06-13",22,9.5
"1993-06-13",21,9.6
"1993-06-13",20,9.6
"1993-06-13",19,9.7
"1993-06-13",18,9.7
"1993-06-13",17,9.7
"1993-06-13",16,9.8
"1993-06-13",15,9.9
"1993-06-13",14,9.9
"1993-06-13",13,9.8
"1993-06-13",12,9.7
"1993-06-13",11,9.6
"1993-06-13",10,9.5
"1993-06-13",9,9.4
"1993-06-13",8,9.4
"1993-06-13",7,9.5
"1993-06-13",6,9.4
"1993-06-13",5,9.4
"1993-06-13",4,9.3
"1993-06-13",3,9.2
"1993-06-13",2,9.3
"1993-06-13",1,9.2
"1993-06-27",0.5,8.9
"1993-06-27",1,8.9
"1993-06-27",2,9
"1993-06-27",3,9.1
"1993-06-27",4,9.2
"1993-06-27",5,9.3
"1993-06-27",6,9.3
"1993-06-27",7,9.4
"1993-06-27",8,9.5
"1993-06-27",9,9.7
"1993-06-27",10,9.9
"1993-06-27",11,9.9
"1993-06-27",12,9.9
"1993-06-27",13,9.8
"1993-06-27",14,9.8
"1993-06-27",15,9.7
"1993-06-27",16,9.6
"1993-06-27",17,9.7
"1993-06-27",18,9.6
"1993-06-27",19,9.6
"1993-06-27",20,9.5
"1993-06-27",21,9.5
"1993-06-27",22,9.4
"1993-06-27",23,9.4
"1993-06-27",24,9.4
"1993-06-27",25,9.4
"1993-08-08",0.5,9.1
"1993-08-08",1,9.1
"1993-08-08",2,9
"1993-08-08",3,9
"1993-08-08",4,9.2
"1993-08-08",5,9.4
"1993-08-08",6,9.4
"1993-08-08",7,9.5
"1993-08-08",8,9.5
"1993-08-08",9,9.7
"1993-08-08",10,10
"1993-08-08",11,10.8
"1993-08-08",12,10.8
"1993-08-08",13,10.5
"1993-08-08",14,10.3
"1993-08-08",15,9
"1993-08-08",16,8.5
"1993-08-08",17,8.4
"1993-08-08",18,8.1
"1993-08-08",19,7.8
"1993-08-08",20,7.8
"1993-08-08",21,8
"1993-08-08",22,8.1
"1993-08-08",23,8.2
"1993-08-08",24,9.2
"1993-08-08",25,8.9
"1993-08-22",0.5,8.4
"1993-08-22",1,8.4
"1993-08-22",2,8.4
"1993-08-22",3,8.4
"1993-08-22",4,8.4
"1993-08-22",5,8.2
"1993-08-22",6,8.2
"1993-08-22",7,8.2
"1993-08-22",8,8.2
"1993-08-22",9,9.6
"1993-08-22",10,11.2
"1993-08-22",11,11.2
"1993-08-22",12,10.8
"1993-08-22",13,10.5
"1993-08-22",14,10.8
"1993-08-22",15,10.6
"1993-08-22",16,10.2
"1993-08-22",17,9.8
"1993-08-22",18,8.6
"1993-08-22",19,8
"1993-08-22",20,8.1
"1993-08-22",21,7.8
"1993-08-22",22,8.2
"1993-08-22",23,7.9
"1993-08-22",24,7.7
"1993-08-22",25,7.2
"1993-07-25",0.5,9
"1993-07-25",1,9
"1993-07-25",2,8.9
"1993-07-25",3,8.8
"1993-07-25",4,8.6
"1993-07-25",5,8.5
"1993-07-25",6,8.3
"1993-07-25",7,8.1
"1993-07-25",8,8.2
"1993-07-25",9,8.8
"1993-07-25",10,8.9
"1993-07-25",11,8.8
"1993-07-25",12,8.7
"1993-07-25",13,8.4
"1993-07-25",14,8.4
"1993-07-25",15,8.2
"1994-07-07",0.5,8.4
"1994-07-07",1,8.5
"1994-07-07",2,8.6
"1994-07-07",3,8.7
"1994-07-07",4,8.8
"1994-07-07",5,8.8
"1994-07-07",6,8.9
"1994-07-07",7,9
"1994-07-07",8,9.3
"1994-07-07",9,9.7
"1994-07-07",10,10
"1994-07-07",11,10.1
"1994-07-07",12,10.1
"1994-07-07",13,10
"1994-07-07",14,9.2
"1994-07-07",15,9.2
"1994-07-07",16,9.2
"1994-07-07",17,9
"1994-07-07",18,9
"1994-07-07",19,9.2
"1994-07-07",20,9.1
"1994-07-07",21,9.1
"1994-07-07",22,9.1
"1994-07-07",23,8.9
"1994-07-07",24,8.8
"1994-07-07",25,8.6
"1994-07-07",26,8.6
"1994-07-07",27,8.3
"1994-07-07",28,8.2
"1994-07-07",29,7.9
"1994-07-29",1,14.5
"1994-07-29",2,14
"1994-07-29",3,14
"1994-07-29",4,13.4
"1994-07-29",5,13
"1994-07-29",6,12.8
"1994-07-29",7,11.2
"1994-07-29",8,11.2
"1994-07-29",9,16.8
"1994-07-29",10,10.8
"1994-07-29",11,10.2
"1994-07-29",12,10.2
"1994-07-29",13,10
"1994-07-29",14,9.6
"1994-07-29",15,9
"1994-07-29",16,8.4
"1994-07-29",17,8.5
"1994-07-29",18,7.9
"1994-07-29",19,7.6
"1994-07-29",20,7.8
"1994-07-29",21,7.5
"1994-07-29",22,7.5
"1994-07-29",23,6.8
"1994-07-29",24,7.5
"1994-07-29",25,7
"1994-07-29",26,6.6
"1994-07-29",27,6.6
"1994-07-29",28,6.7
"1994-07-29",29,6.7
"1994-08-19",0,9
"1994-08-19",1,9.1
"1994-08-19",2,9.1
"1994-08-19",3,9.1
"1994-08-19",4,9.1
"1994-08-19",5,9.1
"1994-08-19",6,9.1
"1994-08-19",7,9.1
"1994-08-19",8,9.1
"1994-08-19",9,10.2
"1994-08-19",10,9.8
"1994-08-19",12,8.6
"1994-08-19",14,8
"1994-08-19",16,7.3
"1994-08-19",18,6.6
"1994-08-19",20,6.2
"1994-08-19",22,5.6
"1994-08-19",24,5.3
"1994-08-19",26,4.3
"1994-08-19",27,3.9
"1994-09-14",0.5,9.1
"1994-09-14",1,9.1
"1994-09-14",2,9.1
"1994-09-14",3,9.1
"1994-09-14",4,9.1
"1994-09-14",5,9.1
"1994-09-14",6,9.2
"1994-09-14",7,9.1
"1994-09-14",8,9.1
"1994-09-14",9,9
"1994-09-14",10,9
"1994-09-14",11,8.6
"1994-09-14",12,8
"1994-09-14",13,6.7
"1994-09-14",14,6
"1994-09-14",15,5.8
"1994-09-14",16,5.4
"1994-09-14",17,5.2
"1994-09-14",18,4.9
"1994-09-14",19,4.7
"1994-09-14",20,4.4
"1994-09-14",21,4.2
"1994-09-14",22,3.8
"1994-09-14",23,3.6
"1994-09-14",24,3.5
"1994-09-14",25,3.3
"1994-09-14",26,3.1
"1994-09-14",27,2.8
"1994-09-14",28,2.4
"1994-09-14",29,2.1
"1986-07-03",0,9.6
"1986-07-03",0.5,9.5
"1986-07-03",2,9.8
"1986-07-03",5,7.4
"1986-07-03",10,4.2
"1986-07-03",13,2.8
"1986-07-03",15,2.7
"1986-07-03",20,2.2
"1986-07-03",25,1.6
"1986-08-03",0.1,8.6
"1986-08-03",0.5,8.6
"1986-08-03",3.5,8.5
"1986-08-03",7,7.8
"1986-08-03",8,7.4
"1986-08-03",8.5,7.2
"1986-08-03",10,7.1
"1986-08-03",11,6.3
"1986-08-03",12,6
"1986-08-03",13.5,5
"1986-09-02",0.1,9.2
"1986-09-02",0.5,9.2
"1986-09-02",1,9
"1986-09-02",2,8.9
"1986-09-02",3,8.9
"1986-09-02",4,8.8
"1986-09-02",5,8.5
"1986-09-02",6,8
"1986-09-02",7,7.7
"1986-09-02",8,7
"1986-09-02",9,6.5
"1986-09-02",10,6.1
"1986-09-02",11,5.7
"1986-09-02",11.5,3.7
"1986-09-02",12,3.4
"1986-09-02",12.5,3.2
"1986-09-02",13,2.8
"1986-09-02",14,2.7
"1986-09-02",15,2.6
"1986-09-02",16,2.4
"1986-09-02",17,2.2
"1986-09-02",18,2
"1986-09-02",19,2
"1986-09-02",21,1.8
"1986-09-02",22,1.6
"1986-09-02",22.5,1.4
"1987-05-29",0.1,10.2
"1987-05-29",0.5,10.2
"1987-05-29",1,10.4
"1987-05-29",2,10.5
"1987-05-29",2.5,10.6
"1987-05-29",3,10.7
"1987-05-29",4,10.8
"1987-05-29",5,10.9
"1987-05-29",5.5,11
"1987-05-29",6,11
"1987-05-29",7,11
"1987-05-29",8,11.2
"1987-05-29",9,11.2
"1987-05-29",10,11.3
"1987-05-29",11,11.2
"1987-05-29",12,11.2
"1987-05-29",13,11
"1987-05-29",14,10.8
"1987-05-29",15,10.8
"1987-05-29",16,10.8
"1987-05-29",17,10.5
"1987-05-29",17.5,9.2
"1987-07-01",0.1,9
"1987-07-01",0.5,8.8
"1987-07-01",1,8.8
"1987-07-01",2,8.8
"1987-07-01",2.5,8.8
"1987-07-01",3,8.7
"1987-07-01",3.5,8.8
"1987-07-01",4,8.8
"1987-07-01",4.5,8.8
"1987-07-01",5,8.8
"1987-07-01",5.5,8.8
"1987-07-01",6,8.8
"1987-07-01",6.5,8.8
"1987-07-01",7,8.8
"1987-07-01",7.5,8.9
"1987-07-01",8,9.1
"1987-07-01",8.5,9.5
"1987-07-01",9,9
"1987-07-01",9.5,9.4
"1987-07-01",10,9.4
"1987-07-01",10.5,9.4
"1987-07-01",11,9.2
"1987-07-01",11.5,10
"1987-07-01",12,10
"1987-07-01",13,9.8
"1987-07-01",14,9.7
"1987-07-01",15,9.4
"1987-07-01",16,9.2
"1987-07-01",17,9.2
"1987-07-01",18,9
"1987-07-01",18.5,9
"1987-07-01",19,8.1
"1987-08-11",0.1,8.7
"1987-08-11",0.5,8.7
"1987-08-11",1,8.6
"1987-08-11",2,8.6
"1987-08-11",3,8.6
"1987-08-11",4,8.6
"1987-08-11",5,8.6
"1987-08-11",6,8.6
"1987-08-11",7,8.6
"1987-08-11",8,9
"1987-08-11",8.5,9.1
"1987-08-11",9,9.1
"1987-08-11",9.5,9
"1987-08-11",10,9.2
"1987-08-11",10.5,9
"1987-08-11",11,8.9
"1987-08-11",11.5,8.7
"1987-08-11",12,8.1
"1987-08-11",13,7.9
"1987-08-11",14,7.7
"1987-08-11",15,7.7
"1987-08-11",16,7.2
"1987-08-11",17,6.8
"1987-08-11",18,6.8
"1987-08-11",19,6.6
"1987-08-11",20,6.8
"1987-08-11",21,6.7
"1987-09-03",0.1,10.2
"1987-09-03",1,9.6
"1987-09-03",2,9.5
"1987-09-03",3,9.4
"1987-09-03",5,9.4
"1987-09-03",7,9.3
"1987-09-03",8,9.3
"1987-09-03",9,9.4
"1987-09-03",10,9.2
"1987-09-03",10.5,8.4
"1987-09-03",11,7.9
"1987-09-03",11.5,7.5
"1987-09-03",12,7.3
"1987-09-03",12.5,7.2
"1987-09-03",13,7
"1987-09-03",14,7
"1987-09-03",15,6.7
"1987-09-03",16,6.8
"1987-09-03",18,6.1
"1987-09-03",19,6
"1987-09-03",20,5.7
"1987-09-03",21,5.7
"1987-09-03",22,5.5
"1987-09-03",23,5.2
"1987-09-03",24,5.2
"1989-05-24",0.1,10
"1989-05-24",0.5,10.2
"1989-05-24",1,10.2
"1989-05-24",2,10.2
"1989-05-24",3,10.4
"1989-05-24",4,10.2
"1989-05-24",5,10.6
"1989-05-24",5.5,10.5
"1989-05-24",6,11
"1989-05-24",6.5,11.7
"1989-05-24",7,11.8
"1989-05-24",7.5,12.1
"1989-05-24",8,12
"1989-05-24",9,12
"1989-05-24",10,11.8
"1989-05-24",11,11.8
"1989-05-24",12,11.5
"1989-05-24",13,11.5
"1989-05-24",13.5,11.5
"1989-05-24",14,7.9
"1989-05-28",0.1,8.4
"1989-05-28",0.5,8.4
"1989-05-28",1,8.4
"1989-05-28",2,8.6
"1989-05-28",2.5,8.5
"1989-05-28",3,9.6
"1989-05-28",3.5,9.8
"1989-05-28",4,9.8
"1989-05-28",4.5,9.8
"1989-05-28",5,9.7
"1989-05-28",5.5,9.8
"1989-05-28",6,9.8
"1989-05-28",7,9.7
"1989-05-28",8,9.6
"1989-05-28",9,10
"1989-05-28",10,10.1
"1989-05-28",11,10
"1989-05-28",12,10
"1989-05-28",13,10.1
"1989-05-28",14,9.9
"1989-05-28",15,9.9
"1989-05-28",16,9.8
"1989-05-28",17,9.7
"1989-05-28",18,9.7
"1989-05-28",19,9.6
"1989-06-25",0.1,8.5
"1989-06-25",0.5,8.5
"1989-06-25",1,8.6
"1989-06-25",2,8.6
"1989-06-25",3,8.5
"1989-06-25",4,8.8
"1989-06-25",5,9.1
"1989-06-25",5.5,9.1
"1989-06-25",6,9.1
"1989-06-25",6.5,9.4
"1989-06-25",7,10.2
"1989-06-25",7.5,10.7
"1989-06-25",8,10.6
"1989-06-25",8.5,10.6
"1989-06-25",9,10.5
"1989-06-25",9.5,10.2
"1989-06-25",10,10.2
"1989-06-25",10.5,9.8
"1989-06-25",11,9.9
"1989-06-25",12,9.9
"1989-06-25",13,9.9
"1989-06-25",14,9.7
"1989-06-25",15,9.5
"1989-06-25",16,9.1
"1989-06-25",17,8.8
"1989-06-25",18,8.9
"1989-06-25",19,8.9
"1989-06-25",20,6.7
"1989-08-30",0.1,8.5
"1989-08-30",0.5,8.4
"1989-08-30",1,8.5
"1989-08-30",2,8.5
"1989-08-30",3,8.3
"1989-08-30",4,8.3
"1989-08-30",5,8.4
"1989-08-30",6,8.4
"1989-08-30",7,8.4
"1989-08-30",8,8.5
"1989-08-30",8.5,9.2
"1989-08-30",9,10
"1989-08-30",9.5,10
"1989-08-30",10,9.8
"1989-08-30",10.5,9
"1989-08-30",11,9.1
"1989-08-30",11.5,7.9
"1989-08-30",12,7.8
"1989-08-30",13,7.4
"1989-08-30",14,7
"1989-08-30",15,7.4
"1989-08-30",16,6.5
"1989-08-30",17,6.7
"1989-08-30",18,6.8
"1989-08-30",19,6.6
"1989-08-30",20,6.7
"1989-08-30",21,6.6
"1989-08-30",22,6.6
"1990-08-28",0.1,8.8
"1990-08-28",0.5,8.9
"1990-08-28",1,8.9
"1990-08-28",2,9
"1990-08-28",3,9.1
"1990-08-28",4,9
"1990-08-28",5,8.9
"1990-08-28",6,8.9
"1990-08-28",7,9
"1990-08-28",7.5,8.8
"1990-08-28",8,8.9
"1990-08-28",8.5,9.1
"1990-08-28",9,9.5
"1990-08-28",9.5,10.6
"1990-08-28",10,10.2
"1990-08-28",10.5,10.7
"1990-08-28",11,10.3
"1990-08-28",11.5,9.9
"1990-08-28",12,9.7
"1990-08-28",12.5,8.8
"1990-08-28",13,8.6
"1990-08-28",14,8.4
"1990-08-28",15,8.3
"1990-08-28",16,7.7
"1990-08-28",17,7.6
"1990-08-28",18,7.3
"1990-08-28",19,7.2
"1990-08-28",20,7.3
"1990-08-28",21,7.2
"1990-08-28",22,6.6
"1990-08-28",23,6.2
"1990-08-28",24,5.8
"1990-08-28",25,5.1
"1990-08-28",26,5
"1990-08-28",27,4.4
"1990-08-28",28,3.9
"1990-08-28",29,2.4
"1990-08-28",29.5,0.4
"1990-10-04",0.1,8.9
"1990-10-04",0.5,8.9
"1990-10-04",1,8.8
"1990-10-04",2,8.8
"1990-10-04",3,8.7
"1990-10-04",4,8.7
"1990-10-04",5,8.6
"1990-10-04",6,8.6
"1990-10-04",7,8.6
"1990-10-04",8,8.4
"1990-10-04",9,8.5
"1990-10-04",10,8.4
"1990-10-04",11,8.4
"1990-10-04",11.5,7.8
"1990-10-04",12,5.5
"1990-10-04",12.5,4.8
"1990-10-04",13,4.8
"1990-10-04",14,4.7
"1990-10-04",15,4.4
"1990-10-04",16,4.2
"1990-10-04",17,3.8
"1990-10-04",18,3.8
"1990-10-04",19,3.5
"1990-10-04",20,3
"1990-10-04",20.5,2.9
"1990-10-04",21,2.3
"1990-06-21",0.1,7.9
"1990-06-21",0.5,7.8
"1990-06-21",1,7.9
"1990-06-21",2,7.9
"1990-06-21",3,7.9
"1990-06-21",4,8.1
"1990-06-21",4.5,9
"1990-06-21",5,9.6
"1990-06-21",5.5,9.9
"1990-06-21",6,9.9
"1990-06-21",6.5,10.1
"1990-06-21",7,10.1
"1990-06-21",7.5,10.1
"1990-06-21",8,10.1
"1990-06-21",8.5,10.2
"1990-06-21",9,10.1
"1990-06-21",9.5,10.2
"1990-06-21",10,10.1
"1990-06-21",10.5,10.2
"1990-06-21",11,10.1
"1990-06-21",12,10.2
"1990-06-21",13,10
"1990-06-21",14,10
"1990-06-21",15,9.9
"1990-06-21",16,9.8
"1990-06-21",17,9.5
"1990-06-21",18,9.6
"1990-06-21",19,9.5
"1990-06-21",20,9
"1990-06-21",21,9.3
"1990-06-21",22,8.8
"1991-05-28",0.1,9.2
"1991-05-28",0.5,9.2
"1991-05-28",1,9.5
"1991-05-28",2,9.7
"1991-05-28",3,9.7
"1991-05-28",4,9.6
"1991-05-28",5,9.9
"1991-05-28",5.5,10.3
"1991-05-28",6,10.8
"1991-05-28",6.5,11.1
"1991-05-28",7,11.4
"1991-05-28",7.5,11.4
"1991-05-28",8,11.6
"1991-05-28",8.5,11.7
"1991-05-28",9,11.6
"1991-05-28",10,11.8
"1991-05-28",11,11.7
"1991-05-28",12,11.9
"1991-05-28",13,11.8
"1991-05-28",14,11.7
"1991-05-28",15,11.7
"1991-05-28",16,11.6
"1991-05-28",17,11.7
"1991-05-28",18,11.7
"1991-05-28",19,11.7
"1991-05-28",20,11.6
"1991-05-28",21,11.5
"1991-05-28",22,11.5
"1991-05-28",23,11.4
"1991-05-28",24,6.7
"1991-05-28",24.5,4.5
"1991-06-28",0.1,10.1
"1991-06-28",0.5,10
"1991-06-28",1,10.1
"1991-06-28",2,10.1
"1991-06-28",3,10
"1991-06-28",4,10
"1991-06-28",5,10
"1991-06-28",6,10.4
"1991-06-28",6.5,10.7
"1991-06-28",7,11.2
"1991-06-28",7.5,11.9
"1991-06-28",8,12.7
"1991-06-28",8.5,13.1
"1991-06-28",9,13.5
"1991-06-28",9.5,13.2
"1991-06-28",10,13.2
"1991-06-28",10.5,12.8
"1991-06-28",11,12.6
"1991-06-28",12,12.8
"1991-06-28",13,12.5
"1991-06-28",14,12
"1991-06-28",15,11.9
"1991-06-28",16,11.5
"1991-06-28",17,11.2
"1991-06-28",18,11
"1991-06-28",19,10.9
"1991-06-28",20,10.9
"1991-06-28",21,10.7
"1991-06-28",22,10.8
"1991-06-28",23,10.8
"1991-06-28",24,10.4
"1991-06-28",25,9
"1991-06-28",26,8.4
"1991-07-30",0.1,8
"1991-07-30",0.5,8
"1991-07-30",1,7.9
"1991-07-30",2,8.1
"1991-07-30",3,8.2
"1991-07-30",4,8.4
"1991-07-30",5,8.3
"1991-07-30",6,8.5
"1991-07-30",6.5,8.4
"1991-07-30",7,8.7
"1991-07-30",7.5,9
"1991-07-30",8,9.3
"1991-07-30",8.5,9.6
"1991-07-30",9,10.5
"1991-07-30",9.5,11.3
"1991-07-30",10,11.8
"1991-07-30",10.5,12.3
"1991-07-30",11,12.3
"1991-07-30",11.5,11.7
"1991-07-30",12,10.9
"1991-07-30",12.5,10.3
"1991-07-30",13,10
"1991-07-30",14,9.9
"1991-07-30",15,9.6
"1991-07-30",16,9.3
"1991-07-30",17,8.8
"1991-07-30",18,8.6
"1991-07-30",19,8.8
"1991-07-30",20,8.8
"1991-07-30",21,8.4
"1991-07-30",22,8.1
"1991-07-30",23,7.8
"1991-07-30",24,7.6
"1991-07-30",25,7.4
"1991-07-30",26,7.1
"1991-07-30",27,6.9
"1991-07-30",28,6.8
"1991-07-30",29,6.7
"1991-07-30",30,5.8
"1991-08-27",0.1,7.9
"1991-08-27",0.5,7.9
"1991-08-27",1,7.7
"1991-08-27",2,8
"1991-08-27",3,8
"1991-08-27",4,8.1
"1991-08-27",5,8.1
"1991-08-27",6,8
"1991-08-27",7,8
"1991-08-27",8,8
"1991-08-27",9,8
"1991-08-27",9.5,8.2
"1991-08-27",10,8.4
"1991-08-27",10.5,9
"1991-08-27",11,9.6
"1991-08-27",11.5,9.4
"1991-08-27",12,9.1
"1991-08-27",12.5,8.8
"1991-08-27",13,8.6
"1991-08-27",14,8.4
"1991-08-27",15,7.9
"1991-08-27",16,7.6
"1991-08-27",17,7.2
"1991-08-27",18,7.1
"1991-08-27",19,6.8
"1991-08-27",20,6.7
"1991-08-27",21,6.8
"1991-08-27",22,6.5
"1991-08-27",23,5.9
"1991-08-27",24,5.9
"1991-08-27",25,5.7
"1991-08-27",26,3.6
"1992-05-26",0.1,12.1
"1992-05-26",0.5,12.1
"1992-05-26",1,11.9
"1992-05-26",2,11.9
"1992-05-26",3,11.7
"1992-05-26",4,11.8
"1992-05-26",5,11.7
"1992-05-26",5.5,12.1
"1992-05-26",6,12.3
"1992-05-26",6.5,12.4
"1992-05-26",7,12.8
"1992-05-26",7.5,13
"1992-05-26",8,12.8
"1992-05-26",8.5,13.1
"1992-05-26",9,13.2
"1992-05-26",10,13.8
"1992-05-26",11,13.7
"1992-05-26",12,13.9
"1992-05-26",13,11.4
"1992-05-26",14,12.3
"1992-05-26",15,12.1
"1992-05-26",16,12.3
"1992-05-26",17,12.2
"1992-05-26",18,12.6
"1992-05-26",19,12.6
"1992-05-26",20,12.7
"1992-05-26",21,11.5
"1992-05-26",22,11.7
"1992-05-26",23,12
"1992-05-26",24,11.7
"1992-05-26",25,11.6
"1992-05-26",26,11.3
"1992-05-26",27,11.3
"1992-05-26",28,11.2
"1992-05-26",29,11
"1992-05-26",30,6
"1992-07-01",0.1,8.7
"1992-07-01",0.5,8.8
"1992-07-01",1,8.8
"1992-07-01",2,8.6
"1992-07-01",3,8.6
"1992-07-01",4,8.6
"1992-07-01",5,8.3
"1992-07-01",6,8.5
"1992-07-01",7,8.9
"1992-07-01",7.5,9.2
"1992-07-01",8,9.6
"1992-07-01",8.5,10
"1992-07-01",9,10.5
"1992-07-01",9.5,11
"1992-07-01",10,10.9
"1992-07-01",10.5,10.7
"1992-07-01",11,10.9
"1992-07-01",11.5,11
"1992-07-01",12,11.1
"1992-07-01",13,11.9
"1992-07-01",14,12.1
"1992-07-01",15,11.6
"1992-07-01",16,11.5
"1992-07-01",17,12.7
"1992-07-01",18,12.5
"1992-07-01",19,12.6
"1992-07-01",20,11.9
"1992-07-01",21,11.1
"1992-07-01",22,10.5
"1992-07-01",23,10
"1992-07-01",24,10
"1992-07-01",25,10.2
"1992-07-01",26,10
"1992-07-01",27,9.9
"1992-07-01",28,9.5
"1992-07-01",29,8
"1992-07-29",0.1,8.3
"1992-07-29",0.5,8.1
"1992-07-29",1,8.4
"1992-07-29",2,8.3
"1992-07-29",3,8
"1992-07-29",4,8.3
"1992-07-29",5,8.3
"1992-07-29",6,8.3
"1992-07-29",7,8.3
"1992-07-29",7.5,8.2
"1992-07-29",8,8.5
"1992-07-29",8.5,9
"1992-07-29",9,9.4
"1992-07-29",9.5,9.4
"1992-07-29",10,9.2
"1992-07-29",10.5,10.3
"1992-07-29",11,10.5
"1992-07-29",11.5,10.2
"1992-07-29",12,10.1
"1992-07-29",12.5,10
"1992-07-29",13,10.1
"1992-07-29",13.5,10.1
"1992-07-29",14,10.2
"1992-07-29",14.5,10.2
"1992-07-29",15,10.1
"1992-07-29",15.5,8.5
"1992-07-29",16,9
"1992-07-29",16.5,9
"1992-07-29",17,9.7
"1992-07-29",18,9.6
"1992-07-29",19,9.4
"1992-07-29",20,9.6
"1992-07-29",21,9.4
"1992-07-29",22,9.2
"1992-07-29",23,8.8
"1992-07-29",24,8.8
"1992-07-29",25,8.8
"1992-07-29",26,8.7
"1992-07-29",27,8.4
"1992-07-29",28,7.5
"1992-07-29",29,6.7
"1992-08-28",0.1,8.5
"1992-08-28",0.5,8.3
"1992-08-28",1,8.5
"1992-08-28",2,8.4
"1992-08-28",3,8.8
"1992-08-28",4,9
"1992-08-28",5,9
"1992-08-28",6,9
"1992-08-28",7,9.1
"1992-08-28",8,9.1
"1992-08-28",9,9.2
"1992-08-28",9.5,9.3
"1992-08-28",10,9.9
"1992-08-28",10.5,9.9
"1992-08-28",11,9.8
"1992-08-28",11.5,9.9
"1992-08-28",12,9.9
"1992-08-28",12.5,9.9
"1992-08-28",13,9.3
"1992-08-28",14,9.4
"1992-08-28",15,9.4
"1992-08-28",16,8.5
"1992-08-28",17,8.8
"1992-08-28",18,8.8
"1992-08-28",19,9.1
"1992-08-28",20,9
"1992-08-28",21,9.3
"1992-08-28",22,8.5
"1992-08-28",23,8.2
"1992-08-28",24,8.2
"1992-08-28",25,8
"1992-08-28",26,7.9
"1992-08-28",27,5.2
"1992-08-28",28,4.4
"1995-05-26",0.5,10.4
"1995-05-26",1,10.5
"1995-05-26",2,10.5
"1995-05-26",3,10.5
"1995-05-26",4,10.7
"1995-05-26",5,10.9
"1995-05-26",6,11
"1995-05-26",7,11
"1995-05-26",8,11.3
"1995-05-26",9,11.3
"1995-05-26",10,11.2
"1995-05-26",11,11.2
"1995-05-26",12,11.3
"1995-05-26",13,11.2
"1995-05-26",14,11.3
"1995-05-26",15,11
"1995-05-26",16,10.9
"1995-05-26",17,11.1
"1995-05-26",18,11.2
"1995-05-26",19,11.1
"1995-05-26",20,11.2
"1995-05-26",21,10.7
"1995-05-26",22,10.7
"1995-05-26",23,10.6
"1995-05-26",24,10.8
"1995-05-26",25,10.8
"1995-05-26",26,10.7
"1995-05-26",27,10.8
"1995-05-26",28,10.1
"1995-05-26",28.5,0.6
"1995-06-16",0.5,9.5
"1995-06-16",1,9.6
"1995-06-16",2,9.7
"1995-06-16",3,9.7
"1995-06-16",4,9.8
"1995-06-16",5,9.7
"1995-06-16",6,9.7
"1995-06-16",7,10.8
"1995-06-16",8,11
"1995-06-16",9,11.2
"1995-06-16",10,11.2
"1995-06-16",11,10.8
"1995-06-16",12,11.1
"1995-06-16",13,10.8
"1995-06-16",14,10.8
"1995-06-16",15,10.4
"1995-06-16",16,10.3
"1995-06-16",17,10.4
"1995-06-16",18,10.1
"1995-06-16",19,10.2
"1995-06-16",20,10.1
"1995-06-16",21,10.1
"1995-06-16",22,9.6
"1995-06-16",23,9.6
"1995-06-16",24,9.4
"1995-06-16",25,9.2
"1995-06-16",26,9.2
"1995-06-16",27,9.2
"1995-06-16",28,9.2
"1995-06-16",29,8.8
"1995-06-16",30,8.4
"1995-07-13",0.5,8.3
"1995-07-13",1,8.5
"1995-07-13",2,8.9
"1995-07-13",3,9.4
"1995-07-13",4,9.6
"1995-07-13",5,9.8
"1995-07-13",6,9.6
"1995-07-13",7,11.4
"1995-07-13",8,11.6
"1995-07-13",9,11.5
"1995-07-13",10,11.8
"1995-07-13",11,11.7
"1995-07-13",12,11.6
"1995-07-13",13,11.4
"1995-07-13",14,11.4
"1995-07-13",15,10.7
"1995-07-13",16,10.3
"1995-07-13",17,9.4
"1995-07-13",18,9.2
"1995-07-13",19,9.4
"1995-07-13",20,9
"1995-07-13",21,8.9
"1995-07-13",22,8.6
"1995-07-13",23,8.2
"1995-07-13",24,8.1
"1995-07-13",25,8
"1995-07-13",26,7.9
"1995-07-13",27,7.6
"1995-07-13",28,7
"1995-07-13",29,6.8
"1995-08-10",0.5,8.8
"1995-08-10",1,8.7
"1995-08-10",2,8.9
"1995-08-10",3,8.7
"1995-08-10",4,9.1
"1995-08-10",5,9.1
"1995-08-10",6,9.1
"1995-08-10",7,8.8
"1995-08-10",8,10.4
"1995-08-10",9,11
"1995-08-10",10,11
"1995-08-10",11,10.2
"1995-08-10",12,10.7
"1995-08-10",13,10.5
"1995-08-10",14,10.5
"1995-08-10",15,10.7
"1995-08-10",16,9.4
"1995-08-10",17,8.9
"1995-08-10",18,8.9
"1995-08-10",19,8.3
"1995-08-10",20,8
"1995-08-10",21,7.8
"1995-08-10",22,7.5
"1995-08-10",23,6.7
"1995-08-10",24,6.6
"1995-08-10",25,6.5
"1995-08-10",26,6
"1995-08-10",27,5.9
"1995-08-10",28,5.6
"1995-08-10",29,5.1
"1995-09-05",0.5,8.3
"1995-09-05",1,8.5
"1995-09-05",2,8.3
"1995-09-05",3,8.3
"1995-09-05",4,8.2
"1995-09-05",5,8.5
"1995-09-05",6,8.4
"1995-09-05",7,8.2
"1995-09-05",8,8.2
"1995-09-05",9,8.6
"1995-09-05",10,9.8
"1995-09-05",11,8.7
"1995-09-05",12,8.7
"1995-09-05",13,8.3
"1995-09-05",14,7.7
"1995-09-05",15,7
"1995-09-05",16,6.5
"1995-09-05",17,6.1
"1995-09-05",18,6
"1995-09-05",19,5.8
"1995-09-05",20,5.5
"1995-09-05",21,5.3
"1995-09-05",22,5
"1995-09-05",23,4.8
"1995-09-05",24,4.6
"1995-09-05",25,4.2
"1995-09-05",26,4.1
"1995-09-05",27,3.8
"1995-09-05",28,3.2
"1995-09-05",29,2.8
"1995-09-30",0.5,9.2
"1995-09-30",1,9.2
"1995-09-30",2,9
"1995-09-30",3,9
"1995-09-30",4,9
"1995-09-30",5,9
"1995-09-30",6,8.8
"1995-09-30",7,8.8
"1995-09-30",8,8.8
"1995-09-30",9,8.8
"1995-09-30",10,8.8
"1995-09-30",11,8.7
"1995-09-30",12,8.7
"1995-09-30",13,7.7
"1995-09-30",14,7.2
"1995-09-30",15,6.6
"1995-09-30",16,5.7
"1995-09-30",17,5.4
"1995-09-30",18,4.8
"1995-09-30",19,4.8
"1995-09-30",20,4.8
"1995-09-30",21,4.7
"1995-09-30",22,3.7
"1995-09-30",23,3.5
"1995-09-30",24,3.3
"1995-09-30",25,3.2
"1995-09-30",26,2.6
"1995-09-30",27,2.5
"1995-09-30",28,2.2
"1995-09-30",29,0.8
"1996-05-22",0.5,11.4
"1996-05-22",1,11.4
"1996-05-22",2,11.7
"1996-05-22",3,11.8
"1996-05-22",4,11.8
"1996-05-22",5,11.8
"1996-05-22",6,11.7
"1996-05-22",7,11.7
"1996-05-22",8,11.6
"1996-05-22",9,11.6
"1996-05-22",10,11.6
"1996-05-22",11,11.4
"1996-05-22",12,11.5
"1996-05-22",13,11.2
"1996-05-22",14,11.2
"1996-05-22",15,11.3
"1996-05-22",16,11.3
"1996-05-22",17,11.3
"1996-05-22",18,11.1
"1996-05-22",19,11.2
"1996-05-22",20,11
"1996-05-22",21,11
"1996-05-22",22,11
"1996-05-22",23,11.1
"1996-05-22",24,11
"1996-05-22",25,11
"1996-05-22",26,11
"1996-05-22",27,11
"1996-05-22",28,11
"1996-05-22",29,11
"1996-06-12",0.5,9.9
"1996-06-12",1,9.9
"1996-06-12",2,10
"1996-06-12",3,10.2
"1996-06-12",4,10.2
"1996-06-12",5,10.6
"1996-06-12",6,10.9
"1996-06-12",7,10.9
"1996-06-12",8,10.9
"1996-06-12",9,10.9
"1996-06-12",10,10.9
"1996-06-12",11,10.4
"1996-06-12",12,10.2
"1996-06-12",13,10.2
"1996-06-12",14,10.3
"1996-06-12",15,10.2
"1996-06-12",16,10.2
"1996-06-12",17,10.2
"1996-06-12",18,10
"1996-06-12",19,10
"1996-06-12",20,9.8
"1996-06-12",21,9.8
"1996-06-12",22,9.8
"1996-06-12",23,9.6
"1996-06-12",24,9.6
"1996-06-12",25,9.4
"1996-06-12",26,9.4
"1996-06-12",27,9.2
"1996-06-12",28,9.1
"1996-06-12",29,8.6
"1996-06-12",30,8.4
"1996-07-02",0.5,9.1
"1996-07-02",1,9
"1996-07-02",2,9.2
"1996-07-02",3,9.2
"1996-07-02",4,9.1
"1996-07-02",5,9.1
"1996-07-02",6,9.1
"1996-07-02",7,9.4
"1996-07-02",8,9.7
"1996-07-02",9,9.7
"1996-07-02",10,9.4
"1996-07-02",11,9.4
"1996-07-02",12,9.3
"1996-07-02",13,9.1
"1996-07-02",14,9
"1996-07-02",15,8.9
"1996-07-02",16,8.8
"1996-07-02",17,8.8
"1996-07-02",18,8.6
"1996-07-02",19,8.5
"1996-07-02",20,8.4
"1996-07-02",21,8.5
"1996-07-02",22,8.4
"1996-07-02",23,8.4
"1996-07-02",24,8.3
"1996-07-02",25,8.2
"1996-07-02",26,8.2
"1996-07-02",27,8.1
"1996-07-02",28,8
"1996-07-24",0.5,8.8
"1996-07-24",1,8.8
"1996-07-24",2,8.8
"1996-07-24",3,8.7
"1996-07-24",4,8.8
"1996-07-24",5,8.7
"1996-07-24",6,8.7
"1996-07-24",7,8.8
"1996-07-24",8,8.5
"1996-07-24",9,8.4
"1996-07-24",10,8.4
"1996-07-24",11,8.3
"1996-07-24",12,8.1
"1996-07-24",13,8.1
"1996-07-24",14,8
"1996-07-24",15,7.8
"1996-07-24",16,7.6
"1996-07-24",17,7.6
"1996-07-24",18,7.6
"1996-07-24",19,7.6
"1996-07-24",20,7.6
"1996-07-24",21,7.6
"1996-07-24",22,7.6
"1996-07-24",23,7.6
"1996-07-24",24,7.5
"1996-07-24",25,7.5
"1996-07-24",26,7.3
"1996-07-24",27,7.3
"1996-07-24",27.5,6.8
"1996-08-14",0.5,8.7
"1996-08-14",1,8.7
"1996-08-14",2,8.7
"1996-08-14",3,8.7
"1996-08-14",4,8.7
"1996-08-14",5,8.7
"1996-08-14",6,8.8
"1996-08-14",7,8.8
"1996-08-14",8,8.5
"1996-08-14",9,8
"1996-08-14",10,7.7
"1996-08-14",11,7.4
"1996-08-14",13,7
"1996-08-14",14,7.2
"1996-08-14",15,7
"1996-08-14",16,6.8
"1996-08-14",17,6.7
"1996-08-14",18,6.6
"1996-08-14",19,6.7
"1996-08-14",20,6.7
"1996-08-14",21,6.3
"1996-08-14",22,6.3
"1996-08-14",23,6.3
"1996-08-14",24,6
"1996-08-14",25,5.9
"1996-08-14",26,5.7
"1996-08-14",27,5.4
"1996-08-14",28,5.3
"1996-08-14",29,4.9
"1996-09-04",0.5,8.4
"1996-09-04",1,8.6
"1996-09-04",2,8.4
"1996-09-04",3,8
"1996-09-04",4,8.2
"1996-09-04",5,8.4
"1996-09-04",6,8.4
"1996-09-04",7,8.3
"1996-09-04",8,8.3
"1996-09-04",9,7.9
"1996-09-04",10,7.4
"1996-09-04",11,7
"1996-09-04",12,6.8
"1996-09-04",13,6.2
"1996-09-04",14,6.2
"1996-09-04",15,6.2
"1996-09-04",16,5.9
"1996-09-04",17,5.9
"1996-09-04",18,5.4
"1996-09-04",19,5.6
"1996-09-04",20,5.5
"1996-09-04",21,5.4
"1996-09-04",22,5.2
"1996-09-04",23,4.8
"1996-09-04",24,4.8
"1996-09-04",25,4.2
"1996-09-04",26,4.1
"1996-09-04",27,3.6
"1996-09-04",28,3.3
"1996-09-04",29,2.9
"1996-10-02",0.5,9
"1996-10-02",1,9
"1996-10-02",2,8.8
"1996-10-02",3,9
"1996-10-02",4,9
"1996-10-02",5,9
"1996-10-02",6,8.7
"1996-10-02",7,8.8
"1996-10-02",8,8.8
"1996-10-02",9,8.6
"1996-10-02",10,8.6
"1996-10-02",11,8.7
"1996-10-02",12,8.3
"1996-10-02",13,4.4
"1996-10-02",14,4.4
"1996-10-02",15,4.5
"1996-10-02",16,4.5
"1996-10-02",17,4.3
"1996-10-02",18,4.2
"1996-10-02",19,4.1
"1996-10-02",20,4
"1996-10-02",21,3.5
"1996-10-02",22,3.3
"1996-10-02",23,3.1
"1996-10-02",24,3
"1996-10-02",25,2.6
"1996-10-02",26,2.5
"1996-10-02",27,2.3
"1996-10-02",28,2.2
"1996-10-02",29,1.8
"1997-06-03",0.5,11.1
"1997-06-03",1,11.1
"1997-06-03",2,11.1
"1997-06-03",3,11
"1997-06-03",4,10.9
"1997-06-03",5,11
"1997-06-03",6,11.4
"1997-06-03",7,11.4
"1997-06-03",8,11.4
"1997-06-03",9,11.4
"1997-06-03",10,11.3
"1997-06-03",11,11.1
"1997-06-03",12,11.1
"1997-06-03",13,11.1
"1997-06-03",14,11.1
"1997-06-03",15,11
"1997-06-03",16,10.9
"1997-06-03",17,10.9
"1997-06-03",18,10.9
"1997-06-03",19,10.9
"1997-06-03",20,10.9
"1997-06-03",21,10.9
"1997-06-03",22,10.8
"1997-06-03",23,10.8
"1997-06-03",24,10.8
"1997-06-03",25,10.7
"1997-06-03",26,10.7
"1997-06-03",27,10.7
"1997-06-03",28,10.6
"1997-06-03",29,9.8
"1997-07-07",0.5,8.5
"1997-07-07",1,8.6
"1997-07-07",2,8.5
"1997-07-07",3,8.6
"1997-07-07",4,8.6
"1997-07-07",5,8.6
"1997-07-07",6,9.5
"1997-07-07",7,11
"1997-07-07",8,11.2
"1997-07-07",9,11.1
"1997-07-07",10,11
"1997-07-07",11,10.4
"1997-07-07",12,10.1
"1997-07-07",13,9.9
"1997-07-07",14,9.8
"1997-07-07",15,9.6
"1997-07-07",16,9.7
"1997-07-07",17,9.4
"1997-07-07",18,9.2
"1997-07-07",19,9.1
"1997-07-07",20,9
"1997-07-07",21,8.9
"1997-07-07",22,8.6
"1997-07-07",23,8.4
"1997-07-07",24,8.3
"1997-07-07",25,3.2
"1997-07-07",26,4.2
"1997-07-07",27,3.8
"1997-07-07",28,3.4
"1997-07-22",0.5,8.1
"1997-07-22",1,8
"1997-07-22",2,8.3
"1997-07-22",3,8.3
"1997-07-22",4,8.4
"1997-07-22",5,8.3
"1997-07-22",6,8.4
"1997-07-22",7,9.1
"1997-07-22",8,9.3
"1997-07-22",9,10.4
"1997-07-22",10,10.5
"1997-07-22",11,10.5
"1997-07-22",12,10
"1997-07-22",13,9.3
"1997-07-22",14,9.5
"1997-07-22",15,9.4
"1997-07-22",16,8.6
"1997-07-22",17,8.6
"1997-07-22",18,8.4
"1997-07-22",19,8.5
"1997-07-22",20,8.4
"1997-07-22",21,8.4
"1997-07-22",22,7.6
"1997-07-22",23,7.6
"1997-07-22",24,7.6
"1997-07-22",25,7.6
"1997-07-22",26,7.5
"1997-07-22",27,7.4
"1997-07-22",28,7.1
"1997-07-22",29,6.6
"1997-07-22",30,6.4
"1997-08-12",0.5,8.4
"1997-08-12",1,8.4
"1997-08-12",2,8.4
"1997-08-12",3,8.4
"1997-08-12",4,8.4
"1997-08-12",5,8.4
"1997-08-12",6,8.4
"1997-08-12",7,8.4
"1997-08-12",8,8.5
"1997-08-12",9,9.1
"1997-08-12",10,9.2
"1997-08-12",11,9.2
"1997-08-12",12,9
"1997-08-12",13,9
"1997-08-12",14,8.8
"1997-08-12",15,8.2
"1997-08-12",16,8
"1997-08-12",17,7.8
"1997-08-12",18,7.8
"1997-08-12",19,7.5
"1997-08-12",20,7.5
"1997-08-12",21,7.2
"1997-08-12",22,7.2
"1997-08-12",23,2.8
"1997-08-12",24,0.4
"1997-09-10",0.5,8.8
"1997-09-10",1,8.8
"1997-09-10",2,8.8
"1997-09-10",3,8.8
"1997-09-10",4,8.8
"1997-09-10",5,8.6
"1997-09-10",6,8.7
"1997-09-10",7,8.7
"1997-09-10",8,8.6
"1997-09-10",9,8.6
"1997-09-10",10,8.8
"1997-09-10",11,8.1
"1997-09-10",12,7.2
"1997-09-10",13,7.4
"1997-09-10",14,7.2
"1997-09-10",15,6.8
"1997-09-10",16,6.5
"1997-09-10",17,6.3
"1997-09-10",18,6.2
"1997-09-10",19,6
"1997-09-10",20,5.9
"1997-09-10",21,5.5
"1997-09-10",22,5.4
"1997-09-10",23,5.2
"1997-09-10",24,5.2
"1997-09-10",25,4.5
"1997-09-10",26,3.4
"1997-09-10",27,3.2
"1997-10-06",0.5,9.5
"1997-10-06",1,9.4
"1997-10-06",2,9.5
"1997-10-06",3,9.6
"1997-10-06",4,9.5
"1997-10-06",5,9.5
"1997-10-06",6,9.5
"1997-10-06",7,9.6
"1997-10-06",8,9.2
"1997-10-06",9,9.4
"1997-10-06",10,9.4
"1997-10-06",11,9.2
"1997-10-06",12,9
"1997-10-06",14,6.2
"1997-10-06",15,6.2
"1997-10-06",16,5.4
"1997-10-06",17,5.5
"1997-10-06",18,5.5
"1997-10-06",19,5.3
"1997-10-06",20,5.1
"1997-10-06",21,4.6
"1997-10-06",22,4.7
"1997-10-06",23,4.8
"1997-10-06",24,4.8
"1997-10-06",25,4.4
"1997-10-06",26,4.3
"1997-10-06",27,4.3
"1997-10-06",13,6.6
"1998-05-27",0.5,9.7
"1998-05-27",1,9.7
"1998-05-27",2,9.6
"1998-05-27",3,9.9
"1998-05-27",4,9.9
"1998-05-27",5,10
"1998-05-27",6,10.2
"1998-05-27",7,10.4
"1998-05-27",8,10.5
"1998-05-27",9,10.7
"1998-05-27",10,11
"1998-05-27",11,10.7
"1998-05-27",12,11.1
"1998-05-27",13,11.1
"1998-05-27",14,11
"1998-05-27",15,11
"1998-05-27",16,11
"1998-05-27",17,11
"1998-05-27",18,11.1
"1998-05-27",19,11
"1998-05-27",20,11.1
"1998-05-27",21,11
"1998-05-27",22,11
"1998-05-27",23,11
"1998-05-27",24,10.9
"1998-05-27",25,11
"1998-05-27",26,11
"1998-05-27",27,11
"1998-05-27",28,11
"1998-05-27",29,11
"1998-05-27",30,11
"1998-05-27",31,11
"1998-05-27",32,11
"1998-05-27",33,11
"1998-06-16",0.5,9.4
"1998-06-16",1,9.4
"1998-06-16",2,9.6
"1998-06-16",3,9.6
"1998-06-16",4,9.8
"1998-06-16",5,9.8
"1998-06-16",6,9.8
"1998-06-16",7,10
"1998-06-16",8,9.8
"1998-06-16",9,9.8
"1998-06-16",10,10
"1998-06-16",11,10
"1998-06-16",12,9.8
"1998-06-16",13,10
"1998-06-16",14,10
"1998-06-16",15,10
"1998-06-16",16,10.2
"1998-06-16",17,10
"1998-06-16",18,10
"1998-06-16",19,10.2
"1998-06-16",20,10.2
"1998-06-16",21,10
"1998-06-16",22,9.6
"1998-06-16",23,9.8
"1998-06-16",24,9.4
"1998-06-16",25,9
"1998-09-27",8.7,8.9
"1998-09-09",1,8
"1998-09-09",2,8.6
"1998-09-09",3,8.9
"1998-09-09",4,9.1
"1998-09-09",5,9.2
"1998-09-09",6,9.3
"1998-09-09",7,9.4
"1998-09-09",8,9.4
"1998-09-09",9,9.5
"1998-09-09",10,9.4
"1998-09-09",11,9.5
"1998-09-09",12,9.3
"1998-09-09",13,9.2
"1998-09-09",14,9.4
"1998-09-09",15,8.6
"1998-09-09",16,8.2
"1998-09-09",17,7.9
"1998-09-09",18,8.2
"1998-09-09",19,7.5
"1998-09-09",20,7.5
"1998-09-09",21,7.6
"1998-09-09",22,7.6
"1998-09-09",23,7.6
"1998-09-09",24,7.4
"1998-09-09",25,7.1
"1998-07-06",0.5,9.6
"1998-07-06",1,9.5
"1998-07-06",2,9.4
"1998-07-06",3,9.2
"1998-07-06",4,8.8
"1998-07-06",5,9.2
"1998-07-06",6,9.3
"1998-07-06",7,9.4
"1998-07-06",8,9.2
"1998-07-06",9,9
"1998-07-06",10,8.9
"1998-07-06",11,8.8
"1998-07-06",12,9.2
"1998-07-06",13,8.8
"1998-07-06",14,8.4
"1998-07-06",15,8.4
"1998-07-06",16,8
"1998-07-06",17,8
"1998-07-06",18,8.1
"1998-07-06",19,8.1
"1998-07-06",20,8
"1998-07-06",21,8
"1998-07-06",22,8
"1998-07-06",23,7.9
"1998-07-06",24,7.9
"1998-07-06",25,7.9
"1998-07-06",26,7.9
"1998-07-06",27,7.8
"1998-07-28",0.5,8.8
"1998-07-28",1,9
"1998-07-28",2,9.3
"1998-07-28",3,9.2
"1998-07-28",4,9.3
"1998-07-28",5,9.5
"1998-07-28",6,9.5
"1998-07-28",7,10
"1998-07-28",8,10.2
"1998-07-28",9,10.5
"1998-07-28",10,10.5
"1998-07-28",11,10.5
"1998-07-28",12,11
"1998-07-28",13,11.3
"1998-07-28",14,11.2
"1998-07-28",15,11.2
"1998-07-28",16,11.5
"1998-07-28",17,10.8
"1998-07-28",18,11.2
"1998-07-28",19,11.4
"1998-07-28",20,11.5
"1998-07-28",21,11.8
"1998-07-28",22,11.9
"1998-07-28",23,12.2
"1998-07-28",24,12.5
"1998-08-18",0.5,7.6
"1998-08-18",1,7.7
"1998-08-18",2,7.7
"1998-08-18",3,7.8
"1998-08-18",4,7.8
"1998-08-18",5,8.4
"1998-08-18",6,8.3
"1998-08-18",7,8.4
"1998-08-18",8,8.3
"1998-08-18",9,9.1
"1998-08-18",10,9.1
"1998-08-18",11,8.5
"1998-08-18",12,8.2
"1998-08-18",13,8.1
"1998-08-18",14,8
"1998-08-18",15,7.8
"1998-08-18",16,7.6
"1998-08-18",17,7.2
"1998-08-18",18,7
"1998-08-18",19,7.1
"1998-08-18",20,7.1
"1998-08-18",21,7.1
"1998-08-18",22,7.1
"1998-08-18",23,7.1
"1998-08-18",24,6.8
"1998-08-18",25,6.5
"1998-08-18",26,6.2
"1998-08-18",27,5.7
"1999-06-07",16,11.7
"1999-06-07",17,11.8
"1999-06-07",18,11.4
"1999-06-07",19,11.4
"1999-06-07",20,11.2
"1999-06-07",21,11.1
"1999-06-07",22,11
"1999-06-07",23,10.8
"1999-06-07",24,10.8
"1999-06-07",25,10.7
"1999-06-07",26,10.6
"1999-06-28",0.5,11
"1999-06-28",1,11.2
"1999-06-28",2,11.4
"1999-06-28",3,11.3
"1999-06-28",4,11.4
"1999-06-28",5,11.6
"1999-06-28",6,12
"1999-06-28",7,12
"1999-06-28",8,12.6
"1999-06-28",9,13.2
"1999-06-28",10,13
"1999-06-28",11,12.6
"1999-06-28",12,12.2
"1999-06-28",13,12.4
"1999-06-28",14,12
"1999-06-28",15,11.8
"1999-06-28",16,12
"1999-06-28",17,11.8
"1999-06-28",18,11.8
"1999-06-28",19,11.5
"1999-06-28",20,11.8
"1999-06-28",21,11.9
"1999-06-28",22,11.6
"1999-06-28",23,10.6
"1999-06-28",24,10.8
"1999-06-28",25,10.6
"1999-06-28",26,10.5
"1999-06-28",27,10.3
"1999-06-28",28,9.8
"1999-06-28",29,9.2
"1999-07-20",0.5,8.9
"1999-07-20",1,8.9
"1999-07-20",2,8.8
"1999-07-20",3,8.8
"1999-07-20",4,9
"1999-07-20",5,9
"1999-07-20",6,9.1
"1999-07-20",7,9.4
"1999-07-20",8,9.5
"1999-07-20",9,9.8
"1999-07-20",10,11.5
"1999-07-20",11,11.5
"1999-07-20",12,11.6
"1999-07-20",13,11.2
"1999-07-20",14,10.8
"1999-07-20",15,10.6
"1999-07-20",16,10.5
"1999-07-20",17,10.3
"1999-07-20",18,10.2
"1999-07-20",19,10
"1999-07-20",20,9.8
"1999-07-20",21,9.5
"1999-07-20",22,9.2
"1999-07-20",23,9.1
"1999-06-07",0.5,10.1
"1999-06-07",1,10.2
"1999-06-07",2,10.8
"1999-06-07",3,10.6
"1999-06-07",4,11
"1999-06-07",5,10.6
"1999-06-07",6,11
"1999-06-07",7,10.8
"1999-06-07",8,11
"1999-06-07",9,11.2
"1999-06-07",10,11.2
"1999-06-07",11,11.6
"1999-06-07",12,11.7
"1999-06-07",13,11.9
"1999-06-07",14,11.9
"1999-06-07",15,11.9
"1999-08-10",0.5,8.6
"1999-08-10",1,9
"1999-08-10",2,9.4
"1999-08-10",3,9.7
"1999-08-10",4,9.8
"1999-08-10",5,10.1
"1999-08-10",6,10.2
"1999-08-10",7,10.3
"1999-08-10",8,10.3
"1999-08-10",9,10.5
"1999-08-10",10,12.8
"1999-08-10",11,13.5
"1999-08-10",12,13.2
"1999-08-10",13,13
"1999-08-10",14,12.2
"1999-08-10",15,11.5
"1999-08-10",16,11.2
"1999-08-10",17,11
"1999-08-10",18,10.9
"1999-08-10",19,10.8
"1999-08-10",20,10.8
"1999-08-10",21,10.5
"1999-08-10",22,10
"1999-08-10",23,9.8
"1999-08-10",24,9.5
"1999-08-10",25,9.4
"1999-08-10",26,9.1
"1999-08-10",27,4.4
"1999-09-02",0.5,8.6
"1999-09-02",1,8.6
"1999-09-02",2,8.6
"1999-09-02",3,9
"1999-09-02",4,9.4
"1999-09-02",5,9.6
"1999-09-02",6,9.4
"1999-09-02",7,9.5
"1999-09-02",8,9.6
"1999-09-02",9,9.6
"1999-09-02",10,10
"1999-09-02",11,10.8
"1999-09-02",12,10.4
"1999-09-02",13,9.8
"1999-09-02",14,9.5
"1999-09-02",15,9.4
"1999-09-02",16,9
"1999-09-02",17,8.5
"1999-09-02",18,8.4
"1999-09-02",19,7.4
"1999-09-02",20,6.8
"1999-09-02",21,6.8
"1999-09-02",22,6.7
"1999-09-02",23,6.8
"1999-09-02",24,6.6
"1999-09-02",25,6.8
"1999-09-02",26,6.4
"1999-09-21",0.5,9.3
"1999-09-21",1,9.1
"1999-09-21",2,8.9
"1999-09-21",3,9
"1999-09-21",4,9.1
"1999-09-21",5,9.1
"1999-09-21",6,9
"1999-09-21",7,9.1
"1999-09-21",8,9
"1999-09-21",9,9
"1999-09-21",10,9
"1999-09-21",11,9
"1999-09-21",12,8.6
"1999-09-21",13,8.1
"1999-09-21",14,7.5
"1999-09-21",15,7.2
"1999-09-21",16,6.9
"1999-09-21",17,6.5
"1999-09-21",18,6.5
"1999-09-21",19,6.1
"1999-09-21",20,5.7
"1999-09-21",21,5.3
"1999-09-21",22,5.3
"1999-09-21",23,5
"1999-09-21",24,4.8
"1999-09-21",25,4.5
"1999-09-21",26,4.3
"1999-09-21",27,3.8
"1999-09-21",28,3.6
"1999-10-12",0.5,10.2
"1999-10-12",1,10
"1999-10-12",2,9.9
"1999-10-12",3,9.8
"1999-10-12",4,9.8
"1999-10-12",5,9.8
"1999-10-12",6,9.6
"1999-10-12",7,9.6
"1999-10-12",8,9.6
"1999-10-12",9,9.8
"1999-10-12",10,9.8
"1999-10-12",11,9.7
"1999-10-12",12,9.7
"1999-10-12",13,9.7
"1999-10-12",14,9.6
"1999-10-12",15,9.6
"1999-10-12",16,7
"1999-10-12",17,6
"1999-10-12",18,5.2
"1999-10-12",19,5.2
"1999-10-12",20,5
"1999-10-12",21,4.7
"1999-10-12",22,4.3
"1999-10-12",23,4.3
"1999-10-12",24,4.2
"1999-10-12",25,4
"1999-10-12",26,4
"1999-10-12",27,4
"1999-10-12",28,3.8
"1999-10-12",29,3.5
"2000-07-06",0.5,8.7
"2000-07-06",1,8.7
"2000-07-06",2,8.8
"2000-07-06",3,8.9
"2000-07-06",4,8.9
"2000-07-06",5,8.9
"2000-07-06",6,9
"2000-07-06",7,9.7
"2000-07-06",8,9.7
"2000-07-06",9,9.8
"2000-07-06",10,9.7
"2000-07-06",11,9.7
"2000-07-06",12,9.4
"2000-07-06",13,9
"2000-07-06",14,8.9
"2000-07-06",15,8.9
"2000-07-06",16,8.8
"2000-07-06",17,8.8
"2000-07-06",18,8.7
"2000-07-06",19,8.6
"2000-07-06",20,8.7
"2000-07-06",21,8.8
"2000-07-06",22,8.8
"2000-07-06",23,8.7
"2000-07-06",24,8.4
"2000-07-06",25,8.3
"2000-07-06",26,8.4
"2000-07-06",27,8.4
"2000-07-06",28,8.3
"2000-07-06",29,8.3
"2000-07-06",30,7.6
"2000-07-24",0.5,8.5
"2000-07-24",1,8.6
"2000-07-24",2,8.5
"2000-07-24",3,8.6
"2000-07-24",4,8.5
"2000-07-24",5,8.5
"2000-07-24",6,8.5
"2000-07-24",7,8.6
"2000-07-24",8,8.4
"2000-07-24",9,8.5
"2000-07-24",10,8.5
"2000-07-24",11,8.4
"2000-07-24",12,8
"2000-07-24",13,7.8
"2000-07-24",14,7.7
"2000-07-24",15,7.6
"2000-07-24",16,7.5
"2000-07-24",17,7
"2000-07-24",18,7
"2000-07-24",19,7
"2000-07-24",20,7
"2000-07-24",21,7
"2000-07-24",22,7
"2000-07-24",23,6.8
"2000-07-24",24,6.8
"2000-07-24",25,6.8
"2000-07-24",26,6.5
"2000-07-24",27,6.3
"2000-07-24",28,5.9
"2000-07-24",29,5.5
"2000-08-13",0.5,8.8
"2000-08-13",1,8.8
"2000-08-13",2,8.8
"2000-08-13",3,8.8
"2000-08-13",4,8.8
"2000-08-13",5,8.7
"2000-08-13",6,8.7
"2000-08-13",7,8.7
"2000-08-13",8,8.3
"2000-08-13",9,8.1
"2000-08-13",10,7.9
"2000-08-13",11,7.5
"2000-08-13",12,7.2
"2000-08-13",13,6.7
"2000-08-13",14,6.9
"2000-08-13",15,6.8
"2000-08-13",16,6.4
"2000-08-13",17,6.2
"2000-08-13",18,6.1
"2000-08-13",19,6.1
"2000-08-13",20,6.1
"2000-08-13",21,5.8
"2000-08-13",22,5.6
"2000-08-13",23,5.4
"2000-08-13",24,5.3
"2000-08-13",25,5.2
"2000-08-13",26,5
"2000-08-13",27,4.9
"2000-08-13",28,4.6
"2000-08-13",29,4.6
"2000-09-06",0.5,8.8
"2000-09-06",1,8.5
"2000-09-06",2,8.4
"2000-09-06",3,8.4
"2000-09-06",4,8.3
"2000-09-06",5,8.3
"2000-09-06",6,8.3
"2000-09-06",7,8.3
"2000-09-06",8,8.2
"2000-09-06",9,8.2
"2000-09-06",10,7.7
"2000-09-06",11,6.7
"2000-09-06",12,6.2
"2000-09-06",13,5.6
"2000-09-06",14,5.5
"2000-09-06",15,5.4
"2000-09-06",16,5.1
"2000-09-06",17,4.8
"2000-09-06",18,4.7
"2000-09-06",19,4.6
"2000-09-06",20,4.5
"2000-09-06",21,4.4
"2000-09-06",22,4.3
"2000-09-06",23,4.2
"2000-09-06",24,3.9
"2000-09-06",25,3.9
"2000-09-06",26,3.5
"2000-09-06",27,3.4
"2000-09-06",28,2.9
"2000-09-06",29,2.7
"2000-10-03",0.5,9.6
"2000-10-03",1,9.6
"2000-10-03",2,9.7
"2000-10-03",3,9.7
"2000-10-03",4,9.7
"2000-10-03",5,9.8
"2000-10-03",6,9.8
"2000-10-03",7,9.7
"2000-10-03",8,9.6
"2000-10-03",9,9.6
"2000-10-03",10,9.6
"2000-10-03",11,9.6
"2000-10-03",12,9.6
"2000-10-03",13,9.6
"2000-10-03",14,9.6
"2000-10-03",15,9.6
"2000-10-03",16,4.3
"2000-10-03",17,4.2
"2000-10-03",18,4.2
"2000-10-03",19,4.1
"2000-10-03",20,3.9
"2000-10-03",21,3.7
"2000-10-03",22,3.5
"2000-10-03",23,3.4
"2000-10-03",24,3.1
"2000-10-03",25,2.7
"2000-10-03",26,2.1
"2000-10-03",27,1.8
"2001-05-30",0.5,11.4
"2001-05-30",1,11.4
"2001-05-30",2,11.3
"2001-05-30",3,11.1
"2001-05-30",4,10.8
"2001-05-30",5,10.9
"2001-05-30",6,10.8
"2001-05-30",7,10.8
"2001-05-30",8,11.6
"2001-05-30",9,11.6
"2001-05-30",10,11.6
"2001-05-30",11,11.6
"2001-05-30",12,11.6
"2001-05-30",13,11.6
"2001-05-30",14,11.6
"2001-05-30",15,11.5
"2001-05-30",16,11.4
"2001-05-30",17,14.5
"2001-05-30",18,11.4
"2001-06-25",0.5,9.9
"2001-06-25",1,9.9
"2001-06-25",2,10.2
"2001-06-25",3,10.1
"2001-06-25",4,10.3
"2001-06-25",5,11.1
"2001-06-25",6,12
"2001-06-25",7,12.2
"2001-06-25",8,12.4
"2001-06-25",9,12.6
"2001-06-25",10,12.5
"2001-06-25",11,12.5
"2001-06-25",12,12.4
"2001-06-25",13,12.2
"2001-06-25",14,12.3
"2001-06-25",15,12
"2001-06-25",27,11.3
"2001-07-23",0.5,7.3
"2001-07-23",1,7.4
"2001-07-23",2,7.3
"2001-07-23",3,7.4
"2001-07-23",4,7.4
"2001-07-23",5,7.6
"2001-07-23",6,7.7
"2001-07-23",7,8
"2001-07-23",8,9.2
"2001-07-23",9,9.2
"2001-07-23",10,9
"2001-07-23",11,8.9
"2001-07-23",12,8.7
"2001-07-23",13,8.6
"2001-07-23",14,8.6
"2001-07-23",15,8.5
"2001-07-23",16,8.5
"2001-07-23",17,8.4
"2001-07-23",18,8
"2001-07-23",19,8.1
"2001-07-23",20,8
"2001-07-23",21,8
"2001-07-23",22,7.9
"2001-07-23",23,7.4
"2001-07-23",24,7.6
"2001-07-23",25,7.7
"2001-07-23",26,7.7
"2001-07-23",27,7.4
"2001-07-23",28,7.4
"2001-07-23",29,7.5
"2001-08-21",0.5,6.6
"2001-08-21",1,6.8
"2001-08-21",2,6.9
"2001-08-21",3,7
"2001-08-21",4,7
"2001-08-21",5,7
"2001-08-21",6,7
"2001-08-21",7,7
"2001-08-21",8,9.1
"2001-08-21",9,9.3
"2001-08-21",10,9
"2001-08-21",11,8.4
"2001-08-21",12,7.9
"2001-08-21",13,7.5
"2001-08-21",14,7.3
"2001-08-21",15,7.4
"2001-08-21",16,7.4
"2001-08-21",17,7.1
"2001-08-21",18,7
"2001-08-21",19,7
"2001-08-21",20,6.8
"2001-08-21",21,6.7
"2001-08-21",22,6.5
"2001-08-21",23,6.4
"2001-08-21",24,6.2
"2001-08-21",25,6.2
"2001-08-21",26,5.4
"2001-08-21",27,0.3
"2001-08-21",28,0.2
"2001-08-21",29,0.1
"2001-09-17",0.5,8.4
"2001-09-17",1,8.3
"2001-09-17",2,8.5
"2001-09-17",3,8.5
"2001-09-17",4,8.5
"2001-09-17",5,8.3
"2001-09-17",6,8.5
"2001-09-17",7,8.5
"2001-09-17",8,8.3
"2001-09-17",9,8.3
"2001-09-17",10,9.4
"2001-09-17",11,9
"2001-09-17",12,8.2
"2001-09-17",13,7.6
"2001-09-17",14,7.3
"2001-09-17",15,7
"2001-09-17",16,6.5
"2001-09-17",17,6.4
"2001-09-17",18,6.3
"2001-09-17",19,6.4
"2001-09-17",20,6.1
"2001-09-17",21,5.8
"2001-09-17",22,5.8
"2001-09-17",23,5.6
"2001-09-17",24,5.5
"2001-09-17",25,5.4
"2001-09-17",26,4.3
"2002-07-29",0.5,8.35
"2002-07-29",1,8.51
"2002-07-29",2,8.7
"2002-07-29",3,8.35
"2002-07-29",4,8.71
"2002-07-29",5,8.62
"2002-07-29",6,8.68
"2002-07-29",7,8.75
"2002-07-29",8,9.34
"2002-07-29",9,9.84
"2002-07-29",10,10.3
"2002-07-29",11,10.14
"2002-07-29",12,9.93
"2002-07-29",13,9.73
"2002-07-29",14,9.51
"2002-07-29",15,9.54
"2002-07-29",16,9.4
"2002-07-29",17,9.18
"2002-07-29",18,9.01
"2002-07-29",19,8.86
"2002-07-29",20,8.81
"2002-07-29",21,8.78
"2002-07-29",22,8.42
"2002-07-29",23,8.42
"2002-07-29",24,8.38
"2002-07-29",25,8.03
"2002-07-29",26,7.94
"2002-07-29",27,7.92
"2002-07-29",28,8.08
"2002-07-29",29,6.81
"2002-08-19",0.5,7.17
"2002-08-19",1,7.74
"2002-08-19",2,7.79
"2002-08-19",3,8.12
"2002-08-19",4,8.42
"2002-08-19",5,8.3
"2002-08-19",6,8.87
"2002-08-19",7,9.07
"2002-08-19",8,9.29
"2002-08-19",9,9.56
"2002-08-19",10,10.07
"2002-08-19",11,10.39
"2002-08-19",12,9.91
"2002-08-19",13,9.48
"2002-08-19",14,8.85
"2002-08-19",15,8.49
"2002-08-19",16,8.35
"2002-08-19",17,8.02
"2002-08-19",18,7.84
"2002-08-19",19,7.56
"2002-08-19",20,7.63
"2002-08-19",21,7.1
"2002-08-19",22,6.8
"2002-08-19",23,6.61
"2002-08-19",24,6.69
"2002-08-19",25,6.32
"2002-08-19",26,6.18
"2002-08-19",27,6.09
"2002-08-19",28,5.08
"2002-09-30",0.5,8.13
"2002-09-30",1,7.9
"2002-09-30",2,8.5
"2002-09-30",3,8.6
"2002-09-30",4,8.8
"2002-09-30",5,9
"2002-09-30",6,9
"2002-09-30",7,9.2
"2002-09-30",8,8.7
"2002-09-30",9,8.9
"2002-09-30",10,9
"2002-09-30",11,9.2
"2002-09-30",12,8.9
"2002-09-30",13,7.2
"2002-09-30",14,7.1
"2002-09-30",15,7
"2002-09-30",16,6.3
"2002-09-30",17,6
"2002-09-30",18,5.9
"2002-09-30",19,5.7
"2002-09-30",20,5.2
"2002-09-30",21,4.9
"2002-09-30",22,4.8
"2002-09-30",23,4.7
"2002-09-30",24,4.1
"2002-09-30",25,4.1
"2002-09-30",26,3.5
"2002-09-30",27,2.9
"2002-09-30",28,2.8
"2002-09-30",29,2.4
"2002-06-17",0.5,9.55
"2002-06-17",1,9.62
"2002-06-17",2,9.67
"2002-06-17",3,9.7
"2002-06-17",4,9.68
"2002-06-17",5,9.49
"2002-06-17",6,9.84
"2002-06-17",7,9.74
"2002-06-17",8,9.77
"2002-06-17",9,10.19
"2002-06-17",10,10.29
"2002-06-17",11,10.4
"2002-06-17",12,10.4
"2002-06-17",13,10.43
"2002-06-17",14,10.27
"2002-06-17",15,10.58
"2002-06-17",16,10.59
"2002-06-17",17,10.58
"2002-06-17",18,10.44
"2002-06-17",19,10.73
"2002-06-17",20,10.67
"2002-06-17",21,10.56
"2002-06-17",22,10.54
"2002-06-17",23,10.47
"2002-06-17",24,10.4
"2002-06-17",25,10.39
"2002-06-17",26,10.41
"2002-06-17",27,10.25
"2002-06-17",28,10.01
"2002-06-17",29,9.83
"2003-06-23",0.5,10.06
"2003-06-23",1,9.52
"2003-06-23",2,7.04
"2003-06-23",3,6.51
"2003-06-23",4,5.71
"2003-06-23",5,5.11
"2003-06-23",6,4.84
"2003-06-23",7,4.5
"2003-06-23",8,4.33
"2003-06-23",9,4.36
"2003-06-23",10,4.39
"2003-06-23",11,5.4
"2003-06-23",12,5.1
"2003-06-23",13,4.9
"2003-06-23",14,4.81
"2003-06-23",15,4.72
"2003-06-23",16,4.59
"2003-06-23",17,4.48
"2003-06-23",18,4.37
"2003-06-23",19,4.34
"2003-06-23",20,4.26
"2003-06-23",21,4.25
"2003-06-23",22,4.18
"2003-06-23",23,4.14
"2003-06-23",24,4.08
"2003-06-23",25,4.07
"2003-06-23",26,4.08
"2003-06-23",27,4.11
"2003-06-23",28,4.08
"2003-06-23",29,4.08
"2003-08-18",0.5,7.61
"2003-08-18",1,7.79
"2003-08-18",2,7.71
"2003-08-18",3,7.63
"2003-08-18",4,7.6
"2003-08-18",5,7.65
"2003-08-18",6,7.49
"2003-08-18",7,8.06
"2003-08-18",8,10.28
"2003-08-18",9,10.62
"2003-08-18",10,10.78
"2003-08-18",11,10.37
"2003-08-18",12,10.08
"2003-08-18",13,9.42
"2003-08-18",14,8.9
"2003-08-18",15,8.99
"2003-08-18",16,8.61
"2003-08-18",17,8.28
"2003-08-18",18,8.01
"2003-08-18",19,8.15
"2003-08-18",20,8.03
"2003-08-18",21,7.74
"2003-08-18",22,7.91
"2003-08-18",23,7.89
"2003-08-18",24,7.5
"2003-08-18",25,6.98
"2003-08-18",26,6.81
"2003-08-18",27,6.72
"2003-08-18",28,6.09
"2003-08-18",29,5.71
"2003-09-22",0.5,9.3
"2003-09-22",1,9.3
"2003-09-22",2,9.4
"2003-09-22",3,9.5
"2003-09-22",4,9.4
"2003-09-22",5,9.4
"2003-09-22",6,9.4
"2003-09-22",7,9
"2003-09-22",8,9.3
"2003-09-22",9,9.3
"2003-09-22",10,9.5
"2003-09-22",11,10.2
"2003-09-22",12,8.7
"2003-09-22",13,9
"2003-09-22",14,8.5
"2003-09-22",15,8.2
"2003-09-22",16,7.8
"2003-09-22",17,7.4
"2003-09-22",18,7.4
"2003-09-22",19,7.2
"2003-09-22",20,7
"2003-09-22",21,6.5
"2003-09-22",22,6.2
"2003-09-22",23,5.7
"2003-09-22",24,5.6
"2003-09-22",25,5.2
"2003-09-22",26,4.9
"2003-09-22",27,4.9
"2003-09-22",28,4.5
"2003-09-22",29,3.6
"2003-09-22",29.5,3.5
"2004-05-25",0.5,12.75
"2004-05-25",1,9.81
"2004-05-25",2,10.05
"2004-05-25",3,10.01
"2004-05-25",4,10.21
"2004-05-25",5,9.8
"2004-05-25",6,9.61
"2004-05-25",7,9.63
"2004-05-25",8,10.26
"2004-05-25",9,10.35
"2004-05-25",10,10.79
"2004-05-25",11,10.78
"2004-05-25",12,10.95
"2004-05-25",13,11.15
"2004-05-25",14,11.15
"2004-05-25",15,11.04
"2004-05-25",16,10.94
"2004-05-25",17,10.73
"2004-05-25",18,10.83
"2004-05-25",19,10.64
"2004-05-25",20,10.56
"2004-05-25",21,10.37
"2004-05-25",22,9.62
"2004-05-25",23,8.81
"2004-05-25",24,8.06
"2004-05-25",25,7.66
"2004-05-25",26,7.37
"2004-05-25",27,7
"2004-05-25",28,6.72
"2004-05-25",29,6.22
"2004-06-21",0.5,9.43
"2004-06-21",1,8.97
"2004-06-21",2,9.29
"2004-06-21",3,9.67
"2004-06-21",4,10
"2004-06-21",5,9.95
"2004-06-21",6,9.86
"2004-06-21",7,9.87
"2004-06-21",8,9.99
"2004-06-21",9,10.18
"2004-06-21",10,10.5
"2004-06-21",11,10.5
"2004-06-21",12,10.36
"2004-06-21",13,10.41
"2004-06-21",14,10.49
"2004-06-21",15,10.52
"2004-06-21",16,10.53
"2004-06-21",17,10.37
"2004-06-21",18,10.4
"2004-06-21",19,10.38
"2004-06-21",20,9.28
"2004-06-21",21,8.88
"2004-06-21",22,8.85
"2004-07-26",0.5,8.22
"2004-07-26",1,8.21
"2004-07-26",2,8.37
"2004-07-26",3,8.31
"2004-07-26",4,8.64
"2004-07-26",5,8.49
"2004-07-26",6,8.49
"2004-07-26",7,8.95
"2004-07-26",8,9.09
"2004-07-26",9,8.93
"2004-07-26",10,8.91
"2004-07-26",11,9.23
"2004-07-26",12,8.93
"2004-07-26",13,9.11
"2004-07-26",14,9.05
"2004-07-26",15,9.36
"2004-07-26",16,9.61
"2004-07-26",17,9.84
"2004-07-26",18,10
"2004-07-26",19,5.59
"2004-07-26",20,4.44
"2004-07-26",21,3.9
"2004-07-26",22,3.55
"2004-07-26",23,3.37
"2004-07-26",24,3.21
"2004-07-26",25,3.11
"2004-07-26",26,3.01
"2004-07-26",27,2.88
"2004-07-26",28,2.75
"2004-08-23",0.5,8.06
"2004-08-23",1,8.43
"2004-08-23",2,8.84
"2004-08-23",3,8.72
"2004-08-23",4,9.46
"2004-08-23",5,9.76
"2004-08-23",6,9.64
"2004-08-23",7,9.49
"2004-08-23",8,9.43
"2004-08-23",9,9.11
"2004-08-23",10,9.03
"2004-08-23",11,8.7
"2004-08-23",12,8.32
"2004-08-23",13,8.1
"2004-08-23",14,8
"2004-08-23",15,7.51
"2004-08-23",16,6.26
"2004-08-23",17,5.79
"2004-08-23",18,7.19
"2004-08-23",19,7.45
"2004-08-23",20,7.26
"2004-08-23",21,7.12
"2004-08-23",22,6.93
"2004-08-23",23,3.49
"2004-08-23",24,3.32
"2004-09-20",1,9.1
"2004-09-20",2,9.2
"2004-09-20",3,8.8
"2004-09-20",4,8.1
"2004-09-20",5,7.8
"2004-09-20",6,7.7
"2004-09-20",7,7.4
"2004-09-20",8,6.5
"2004-09-20",9,6.3
"2004-09-20",10,6.4
"2004-09-20",11,6
"2004-09-20",12,5.6
"2004-09-20",13,5.25
"2004-09-20",14,4.9
"2004-09-20",15,4.44
"2004-09-20",16,4.2
"2004-09-20",17,3.9
"2004-09-20",18,3.7
"2004-09-20",19,3.7
"2004-09-20",20,4.05
"2004-09-20",21,4.04
"2004-09-20",22,3.8
"2004-09-20",23,3.52
"2004-09-20",24,3.53
"2004-09-20",25,2.5
"2004-09-20",26,2.25
"2004-09-20",27,2.19
"2004-09-20",28,2.2
"2004-09-20",29,2.1
"2004-09-20",30,2.06
"2005-06-27",0.5,8.72
"2005-06-27",1,8.67
"2005-06-27",2,9.18
"2005-06-27",3,8.86
"2005-06-27",4,9.07
"2005-06-27",5,9.47
"2005-06-27",6,10.2
"2005-06-27",7,10.63
"2005-06-27",8,10.54
"2005-06-27",9,10.92
"2005-06-27",10,10.8
"2005-06-27",11,10.82
"2005-06-27",12,10.45
"2005-06-27",13,10.51
"2005-06-27",14,10.36
"2005-06-27",15,10.42
"2005-06-27",16,10.28
"2005-06-27",17,9.86
"2005-06-27",18,9.86
"2005-06-27",19,9.78
"2005-06-27",20,9.93
"2005-06-27",21,9.83
"2005-06-27",22,9.68
"2005-06-27",23,9.83
"2005-06-27",24,9.73
"2005-06-27",25,9.65
"2005-06-27",26,9.44
"2005-06-27",27,9.25
"2005-06-27",28,6.57
"2005-06-27",29,6.5
"2005-07-25",0.5,8.09
"2005-07-25",1,7.83
"2005-07-25",2,7.75
"2005-07-25",3,8.14
"2005-07-25",4,8.3
"2005-07-25",5,9.7
"2005-07-25",6,10.48
"2005-07-25",7,11.05
"2005-07-25",8,10.31
"2005-07-25",9,10.32
"2005-07-25",10,10.18
"2005-07-25",11,10.04
"2005-07-25",12,10.1
"2005-07-25",13,9.68
"2005-07-25",14,9.68
"2005-07-25",15,9.41
"2005-07-25",16,9.31
"2005-07-25",17,9.15
"2005-07-25",18,8.85
"2005-07-25",19,8.84
"2005-07-25",20,8.79
"2005-07-25",21,8.72
"2005-07-25",22,8.81
"2005-07-25",23,8.81
"2005-07-25",24,8.82
"2005-08-22",0.5,7.62
"2005-08-22",1,7.59
"2005-08-22",2,7.6
"2005-08-22",3,7.59
"2005-08-22",4,7.7
"2005-08-22",5,7.72
"2005-08-22",6,7.85
"2005-08-22",7,9.24
"2005-08-22",8,9.1
"2005-08-22",9,9.51
"2005-08-22",10,8.92
"2005-08-22",11,8.3
"2005-08-22",12,7.96
"2005-08-22",13,8.03
"2005-08-22",14,8.22
"2005-08-22",15,7.74
"2005-08-22",16,7.43
"2005-08-22",17,6.79
"2005-08-22",18,6.9
"2005-08-22",19,7.43
"2005-08-22",20,7.34
"2005-08-22",21,7.48
"2005-08-22",22,6.81
"2005-08-22",23,6.57
"2005-08-22",24,6.13
"2005-08-22",25,6.11
"2005-08-22",26,5.9
"2005-08-22",27,4.05
"2005-08-22",28,3.9
"2007-06-11",0.5,8.38
"2007-06-11",1,9.5
"2007-06-11",2,10.26
"2007-06-11",3,10.26
"2007-06-11",4,10.66
"2007-06-11",5,11.24
"2007-06-11",6,11.39
"2007-06-11",7,11.34
"2007-06-11",8,12.34
"2007-06-11",9,12.9
"2007-06-11",10,13.06
"2007-06-11",11,13.2
"2007-06-11",12,13.35
"2007-06-11",13,13.43
"2007-06-11",14,13.4
"2007-06-11",15,13.43
"2007-06-11",16,13.5
"2007-06-11",17,13.55
"2007-06-11",18,13.56
"2007-06-11",19,13.54
"2007-06-11",20,13.58
"2007-06-11",21,13.58
"2007-06-11",22,13.56
"2007-06-11",23,13.52
"2007-06-11",24,13.12
"2007-06-11",25,12.63
"2007-06-11",26,12.77
"2007-06-11",27,12.81
"2007-06-11",28,12.66
"2007-06-11",29,12.57
"2007-06-11",30,8.48
"2009-05-26",0.5,9.32
"2009-05-26",1,8.99
"2009-05-26",2,9.13
"2009-05-26",3,9.2
"2009-05-26",4,9.32
"2009-05-26",5,9.36
"2009-05-26",6,9.24
"2009-05-26",7,9.23
"2009-05-26",8,8.94
"2009-05-26",9,9.38
"2009-05-26",10,9.61
"2009-05-26",11,9.7
"2009-05-26",12,9.73
"2009-05-26",13,9.78
"2009-05-26",14,9.84
"2009-05-26",15,9.85
"2009-05-26",16,9.91
"2009-05-26",17,10
"2009-05-26",18,9.92
"2009-05-26",19,9.96
"2009-05-26",20,9.84
"2009-05-26",21,9.89
"2009-05-26",22,9.92
"2009-05-26",23,9.89
"2009-05-26",24,9.85
"2009-05-26",25,9.77
"2009-05-26",26,9.68
"2009-05-26",27,9.45
"2009-05-26",28,9.44
"2009-05-26",29,9.38
"2009-06-22",0.5,9.35
"2009-06-22",1,9.34
"2009-06-22",2,9.32
"2009-06-22",3,9.29
"2009-06-22",4,9.23
"2009-06-22",5,9.21
"2009-06-22",6,9.22
"2009-06-22",7,9.2
"2009-06-22",8,9.48
"2009-06-22",9,9.39
"2009-06-22",10,9.25
"2009-06-22",11,9.16
"2009-06-22",12,9.07
"2009-06-22",13,9.03
"2009-06-22",14,9.11
"2009-06-22",15,9.26
"2009-06-22",16,9.12
"2009-06-22",17,9.08
"2009-06-22",18,9.04
"2009-06-22",19,8.97
"2009-06-22",20,9
"2009-06-22",21,9.07
"2009-06-22",22,9.09
"2009-06-22",23,9.06
"2009-06-22",24,8.76
"2009-06-22",25,8.71
"2009-06-22",26,8.62
"2009-06-22",27,8.57
"2009-06-22",28,8.5
"2009-06-22",29,8.06
"2009-07-13",0.5,9.03
"2009-07-13",1,9.02
"2009-07-13",2,9.01
"2009-07-13",3,8.99
"2009-07-13",4,8.98
"2009-07-13",5,8.96
"2009-07-13",6,9
"2009-07-13",7,8.93
"2009-07-13",8,8.92
"2009-07-13",9,8.73
"2009-07-13",10,8.68
"2009-07-13",11,8.52
"2009-07-13",12,8.48
"2009-07-13",13,8.38
"2009-07-13",14,8.29
"2009-07-13",15,8.28
"2009-07-13",16,8.23
"2009-07-13",17,8.21
"2009-07-13",18,8.26
"2009-07-13",19,8.39
"2009-07-13",20,8.4
"2009-07-13",21,8.22
"2009-07-13",22,8.18
"2009-07-13",23,8.06
"2009-07-13",24,7.84
"2009-07-13",25,7.73
"2009-07-13",26,7.67
"2009-07-13",27,7.61
"2009-07-13",28,7.19
"2009-07-13",29,6.95
"2009-08-12",0.5,8.34
"2009-08-12",1,8.32
"2009-08-12",2,8.3
"2009-08-12",3,8.28
"2009-08-12",4,8.27
"2009-08-12",5,8.23
"2009-08-12",6,8.22
"2009-08-12",7,8.19
"2009-08-12",8,7.69
"2009-08-12",9,7.27
"2009-08-12",10,7.39
"2009-08-12",11,7.12
"2009-08-12",12,7.06
"2009-08-12",13,6.95
"2009-08-12",14,7.07
"2009-08-12",15,7.02
"2009-08-12",16,6.98
"2009-08-12",17,6.65
"2009-08-12",18,6.67
"2009-08-12",19,6.76
"2009-08-12",20,6.77
"2009-08-12",21,6.58
"2009-08-12",22,6.39
"2009-08-12",23,6.36
"2009-08-12",24,6.37
"2009-08-12",25,6.02
"2009-08-12",26,5.92
"2009-08-12",27,5.9
"2009-08-12",28,5.72
"2009-08-12",29,5.32
"2009-08-12",30,5.06
"2009-09-01",0.5,8.47
"2009-09-01",1,8.44
"2009-09-01",2,8.4
"2009-09-01",3,8.35
"2009-09-01",4,8.3
"2009-09-01",5,8.28
"2009-09-01",6,8.26
"2009-09-01",7,8.23
"2009-09-01",8,8.19
"2009-09-01",9,7.65
"2009-09-01",10,6.84
"2009-09-01",11,6.49
"2009-09-01",12,6.09
"2009-09-01",13,5.68
"2009-09-01",14,5.7
"2009-09-01",15,5.71
"2009-09-01",16,5.54
"2009-09-01",17,5.47
"2009-09-01",18,5.4
"2009-09-01",19,5.5
"2009-09-01",20,5.53
"2009-09-01",21,5.41
"2009-09-01",22,5
"2009-09-01",23,4.81
"2009-09-01",24,4.89
"2009-09-01",25,4.9
"2009-09-01",26,4.65
"2009-09-01",27,4.55
"2009-09-01",28,4.33
"2009-09-01",29,4.15
"2009-09-01",30,8.49
"2009-10-05",0.5,9.04
"2009-10-05",1,8.96
"2009-10-05",2,8.9
"2009-10-05",3,8.85
"2009-10-05",4,8.81
"2009-10-05",5,8.79
"2009-10-05",6,8.77
"2009-10-05",7,8.75
"2009-10-05",8,8.74
"2009-10-05",9,8.72
"2009-10-05",10,8.68
"2009-10-05",11,8.66
"2009-10-05",12,5.16
"2009-10-05",13,4.62
"2009-10-05",14,4.4
"2009-10-05",15,4.24
"2009-10-05",16,4.12
"2009-10-05",17,4.02
"2009-10-05",18,3.88
"2009-10-05",19,3.89
"2009-10-05",20,3.74
"2009-10-05",21,3.46
"2009-10-05",22,3.42
"2009-10-05",23,3.36
"2009-10-05",24,3.07
"2009-10-05",25,2.65
"2009-10-05",26,2.68
"2009-10-05",27,2.49
"2009-10-05",28,2.18
"2009-10-05",29,1.94
"2009-10-05",30,1.58
"2010-06-02",0.5,7.3
"2010-06-02",1,7.4
"2010-06-02",2,7.7
"2010-06-02",3,7.9
"2010-06-02",4,8.3
"2010-06-02",5,8.7
"2010-06-02",6,9.1
"2010-06-02",7,9.3
"2010-06-02",8,9.7
"2010-06-02",9,10.1
"2010-06-02",10,10.3
"2010-06-02",11,10.4
"2010-06-02",12,10.2
"2010-06-02",13,10.1
"2010-06-02",14,10.1
"2010-06-02",15,10.2
"2010-06-02",16,10.1
"2010-06-02",17,10.1
"2010-06-02",18,10.1
"2010-06-02",19,10
"2010-06-02",20,9.9
"2010-06-02",21,9.9
"2010-06-02",22,10.1
"2010-06-02",23,10
"2010-06-02",24,9.8
"2010-06-02",25,9.8
"2010-06-02",26,9.9
"2010-06-02",27,9.8
"2010-06-02",28,9.5
"2010-07-12",0.5,7.71
"2010-07-12",1,7.74
"2010-07-12",2,7.74
"2010-07-12",3,7.81
"2010-07-12",4,7.84
"2010-07-12",5,8.16
"2010-07-12",6,8.34
"2010-07-12",7,8.76
"2010-07-12",8,9.03
"2010-07-12",9,9.16
"2010-07-12",10,9.09
"2010-07-12",11,8.52
"2010-07-12",12,8.21
"2010-07-12",13,8.07
"2010-07-12",14,7.92
"2010-07-12",15,7.75
"2010-07-12",16,7.6
"2010-07-12",17,7.41
"2010-07-12",18,7.23
"2010-07-12",19,7.51
"2010-07-12",20,7.28
"2010-07-12",21,7.22
"2010-07-12",22,6.76
"2010-07-12",23,6.73
"2010-07-12",24,6.66
"2010-07-12",25,6.51
"2010-07-12",26,6.4
"2010-07-12",27,6.07
"2010-07-12",28,5.63
"2010-07-12",29,4.78
"2010-08-17",0.5,8.21
"2010-08-17",1,8.18
"2010-08-17",2,8.15
"2010-08-17",3,8.15
"2010-08-17",4,8.15
"2010-08-17",5,8.14
"2010-08-17",6,8.14
"2010-08-17",7,8.14
"2010-08-17",8,8.15
"2010-08-17",9,9.33
"2010-08-17",10,9.15
"2010-08-17",11,8.57
"2010-08-17",12,7.9
"2010-08-17",13,7.3
"2010-08-17",14,6.9
"2010-08-17",15,6.56
"2010-08-17",16,6.07
"2010-08-17",17,5.9
"2010-08-17",18,5.84
"2010-08-17",19,5.84
"2010-08-17",20,5.89
"2010-08-17",21,5.57
"2010-08-17",22,4.98
"2010-08-17",23,4.78
"2010-08-17",24,4.74
"2010-08-17",25,4.62
"2010-08-17",26,4.2
"2010-08-17",27,3.73
"2010-08-17",28,3.2
"2010-09-13",0.5,8.81
"2010-09-13",1,8.72
"2010-09-13",2,8.68
"2010-09-13",3,8.66
"2010-09-13",4,8.65
"2010-09-13",5,8.63
"2010-09-13",6,8.6
"2010-09-13",7,8.59
"2010-09-13",8,8.61
"2010-09-13",10,8.57
"2010-09-13",11,7.81
"2010-09-13",12,6.23
"2010-09-13",13,5.79
"2010-09-13",14,5.83
"2010-09-13",15,5.31
"2010-09-13",16,4.54
"2010-09-13",17,4.55
"2010-09-13",18,4.11
"2010-09-13",19,4.37
"2010-09-13",20,4.28
"2010-09-13",21,3.8
"2010-09-13",22,3.21
"2010-09-13",23,3.15
"2010-09-13",24,2.95
"2010-09-13",25,2.13
"2010-09-13",26,1.43
"2010-09-13",27,1.22
"2010-09-13",9,8.61
"2006-05-31",0.5,10.24
"2006-05-31",1,10.06
"2006-05-31",2,9.85
"2006-05-31",3,10.2
"2006-05-31",4,10.25
"2006-05-31",5,10.55
"2006-05-31",6,10.92
"2006-05-31",7,10.8
"2006-05-31",8,10.83
"2006-05-31",9,10.87
"2006-05-31",10,10.91
"2006-05-31",11,10.74
"2006-05-31",12,10.63
"2006-05-31",13,11.26
"2006-05-31",14,10.99
"2006-05-31",15,11.08
"2006-05-31",16,11.09
"2006-05-31",17,11.01
"2006-05-31",18,11.39
"2006-05-31",19,11.54
"2006-05-31",20,11.7
"2006-05-31",21,11.52
"2006-05-31",22,11.9
"2006-05-31",23,12.17
"2006-05-31",24,12.19
"2006-05-31",25,12.34
"2006-05-31",26,12.45
"2006-05-31",27,12.32
"2006-05-31",28,11.96
"2008-06-03",0.5,9.89
"2008-06-03",1,9.94
"2008-06-03",2,10.26
"2008-06-03",3,10.31
"2008-06-03",4,10.36
"2008-06-03",5,10.33
"2008-06-03",6,10.54
"2008-06-03",7,10.58
"2008-06-03",8,10.72
"2008-06-03",9,10.87
"2008-06-03",10,11.23
"2008-06-03",11,11.37
"2008-06-03",12,11.45
"2008-06-03",13,11.15
"2008-06-03",14,10.78
"2008-06-03",15,9.82
"2008-06-03",16,5.9
"2008-06-03",17,4.24
"2008-06-03",18,3.68
"2008-06-03",19,3.24
"2008-06-03",20,2.96
"2008-06-03",21,2.66
"2008-06-03",22,2.31
"2008-06-03",23,2.09
"2008-06-03",24,1.95
"2008-06-03",25,1.68
"2008-06-03",26,1.65
"2008-06-03",27,1.5
"2008-06-03",28,1.45
"2008-06-03",29,1.39
"2008-07-01",0.5,16.52
"2008-07-01",1,14.5
"2008-07-01",2,13.85
"2008-07-01",3,13.68
"2008-07-01",4,7.94
"2008-07-01",5,7.66
"2008-07-01",6,7.55
"2008-07-01",7,7.87
"2008-07-01",8,7.99
"2008-07-01",9,7.47
"2008-07-01",10,7.21
"2008-07-01",11,6.16
"2008-07-01",12,5.24
"2008-07-01",13,4.63
"2008-07-01",14,2.5
"2008-07-01",15,2.34
"2008-07-01",16,2.25
"2008-07-01",17,2.16
"2008-07-01",18,1.97
"2008-07-01",19,1.89
"2008-07-01",20,1.9
"2008-07-01",21,1.88
"2008-07-01",22,1.85
"2008-07-01",23,1.8
"2008-07-01",24,1.79
"2008-07-01",25,1.72
"2008-07-01",26,1.72
"2008-07-01",27,1.72
"2008-07-01",28,1.71
"2008-07-01",29,1.76
"2008-07-01",30,1.76
"2006-07-05",0.5,9.23
"2006-07-05",1,9.7
"2006-07-05",2,9.63
"2006-07-05",3,9.17
"2006-07-05",4,9.14
"2006-07-05",5,8.03
"2006-07-05",6,8.21
"2006-07-05",7,8.81
"2006-07-05",8,9.15
"2006-07-05",9,9.04
"2006-07-05",10,8.91
"2006-07-05",11,8.87
"2006-07-05",12,8.9
"2006-07-05",13,9.42
"2006-07-05",14,9.66
"2006-07-05",15,9.61
"2006-07-05",16,9.58
"2006-07-05",17,9.4
"2006-07-05",18,9.35
"2006-07-05",19,9.48
"2006-07-05",20,9.14
"2006-07-05",21,9.24
"2006-07-05",22,9.07
"2006-07-05",23,8.89
"2006-07-05",24,8.95
"2006-07-05",25,8.8
"2006-07-24",0.5,8
"2006-07-24",1,8.07
"2006-07-24",2,8.32
"2006-07-24",3,8.06
"2006-07-24",4,7.49
"2006-07-24",5,7.14
"2006-07-24",6,6.23
"2006-07-24",7,5.95
"2006-07-24",8,5.88
"2006-07-24",9,5.78
"2006-07-24",10,5.79
"2006-07-24",11,5.74
"2006-07-24",12,5.88
"2006-07-24",13,5.93
"2006-07-24",14,6.1
"2006-07-24",15,6.29
"2006-07-24",16,6.33
"2006-07-24",17,6.39
"2006-07-24",18,6.47
"2006-07-24",19,6.62
"2006-07-24",20,6.78
"2006-07-24",21,6.97
"2006-07-24",22,7.63
"2006-07-24",23,7.51
"2006-07-24",24,7.38
"2006-07-24",25,7.25
"2006-07-24",26,7.17
"2006-07-24",27,6.92
"2008-07-29",0.5,8.71
"2008-07-29",1,8.44
"2008-07-29",2,8.35
"2008-07-29",3,8.09
"2008-07-29",4,7.94
"2008-07-29",5,7.88
"2008-07-29",6,7.72
"2008-07-29",7,8.15
"2008-07-29",8,7.19
"2008-07-29",9,5.56
"2008-07-29",10,4.84
"2008-07-29",11,3.76
"2008-07-29",12,2.81
"2008-07-29",13,2.18
"2008-07-29",14,1.72
"2008-07-29",15,1.49
"2008-07-29",16,1.37
"2008-07-29",17,1.26
"2008-07-29",18,1.17
"2008-07-29",19,1.11
"2008-07-29",20,1.06
"2008-07-29",21,1.05
"2008-07-29",22,1.03
"2008-07-29",23,1.01
"2008-07-29",24,1
"2008-07-29",25,0.98
"2008-07-29",26,0.97
"2008-07-29",27,0.97
"2008-07-29",28,0.96
"2008-07-29",29,0.96
"2008-07-29",30,0.96
"2006-08-15",0.5,8.3
"2006-08-15",1,8.55
"2006-08-15",2,9.71
"2006-08-15",3,9.64
"2006-08-15",4,10.25
"2006-08-15",5,10.13
"2006-08-15",6,8.59
"2006-08-15",7,8.15
"2006-08-15",8,7.28
"2006-08-15",9,7.11
"2006-08-15",10,6.89
"2006-08-15",11,6.77
"2006-08-15",12,6.78
"2006-08-15",13,6.94
"2006-08-15",14,6.9
"2006-08-15",15,6.98
"2006-08-15",16,6.89
"2006-08-15",17,6.69
"2006-08-15",18,6.6
"2006-08-15",19,6.74
"2006-08-15",20,6.71
"2006-08-15",21,6.57
"2006-08-15",22,6.23
"2006-08-15",23,6.11
"2006-08-15",24,6.01
"2006-08-15",25,5.74
"2006-08-15",26,2.7
"2008-09-02",0.5,10.24
"2008-09-02",1,10
"2008-09-02",2,10.26
"2008-09-02",3,8.97
"2008-09-02",4,6.44
"2008-09-02",5,4.71
"2008-09-02",6,4.26
"2008-09-02",7,3.69
"2008-09-02",8,3.54
"2008-09-02",9,3.44
"2008-09-02",10,3.53
"2008-09-02",11,3.71
"2008-09-02",12,3.59
"2008-09-02",13,3.66
"2008-09-02",14,3.56
"2008-09-02",15,2.64
"2008-09-02",16,2.47
"2008-09-02",17,2.6
"2008-09-02",18,2.5
"2008-09-02",19,2.32
"2008-09-02",20,2.35
"2008-09-02",21,2.32
"2008-09-02",22,2.2
"2008-09-02",23,2.09
"2008-09-02",24,1.99
"2008-09-02",25,1.85
"2008-09-02",26,1.81
"2008-09-02",27,1.86
"2008-09-02",28,1.8
"2008-09-02",29,1.61
"2008-09-02",30,1.53
"2006-09-11",0.5,9.33
"2006-09-11",1,8.83
"2006-09-11",2,8.85
"2006-09-11",3,8.87
"2006-09-11",4,8.88
"2006-09-11",5,8.92
"2006-09-11",6,8.9
"2006-09-11",7,8.85
"2006-09-11",8,8.7
"2006-09-11",9,7.69
"2006-09-11",10,6.46
"2006-09-11",11,5.81
"2006-09-11",12,5.65
"2006-09-11",13,5.56
"2006-09-11",14,5.22
"2006-09-11",15,5.03
"2006-09-11",16,4.94
"2006-09-11",17,4.94
"2006-09-11",18,4.96
"2006-09-11",19,5.03
"2006-09-11",20,5.15
"2006-09-11",21,5.14
"2006-09-11",22,4.78
"2006-09-11",23,4.75
"2006-09-11",24,4.7
"2006-09-11",25,4.6
"2006-09-11",26,4.48
"2006-09-11",27,4.47
"2006-09-11",28,4.44
"2006-09-11",29,4.45
"2007-07-16",0.5,8.3
"2007-07-16",1,7.85
"2007-07-16",2,6.37
"2007-07-16",3,3.56
"2007-07-16",4,2.3
"2007-07-16",5,2.21
"2007-07-16",6,2.01
"2007-07-16",7,2
"2007-07-16",8,2.02
"2007-07-16",9,2.1
"2007-07-16",10,2.16
"2007-07-16",11,2.2
"2007-07-16",12,2.27
"2007-07-16",13,2.3
"2007-07-16",14,2.3
"2007-07-16",15,2.35
"2007-07-16",16,2.37
"2007-07-16",17,2.38
"2007-07-16",18,2.4
"2007-07-16",19,2.39
"2007-07-16",20,2.39
"2007-07-16",21,2.4
"2007-07-16",22,2.39
"2007-07-16",23,2.38
"2007-07-16",24,2.4
"2007-07-16",25,2.39
"2007-07-16",26,2.4
"2007-07-16",27,2.42
"2007-07-16",28,2.47
"2007-07-16",29,2.48
"2007-08-14",0.5,8.49
"2007-08-14",1,8.42
"2007-08-14",2,7.98
"2007-08-14",3,7.54
"2007-08-14",4,6.34
"2007-08-14",5,5.56
"2007-08-14",6,4.14
"2007-08-14",7,3.65
"2007-08-14",8,3.41
"2007-08-14",9,3.4
"2007-08-14",10,3.42
"2007-08-14",11,3.47
"2007-08-14",12,3.5
"2007-08-14",13,3.44
"2007-08-14",14,3.44
"2007-08-14",15,3.43
"2007-08-14",16,3.4
"2007-08-14",17,3.39
"2007-08-14",18,3.38
"2007-08-14",19,3.35
"2007-08-14",20,3.33
"2007-08-14",21,3.31
"2007-08-14",22,3.3
"2007-08-14",23,5.46
"2007-08-14",24,5.18
"2007-08-14",25,4.88
"2007-08-14",26,4.52
"2007-08-14",27,4.39
"2007-08-14",28,4.27
"2007-08-14",29,4.2
"2007-09-11",0.5,9.3
"2007-09-11",1,9.1
"2007-09-11",2,9
"2007-09-11",3,8.9
"2007-09-11",4,8.9
"2007-09-11",5,8.8
"2007-09-11",6,8.9
"2007-09-11",7,8.8
"2007-09-11",8,8.7
"2007-09-11",9,8.8
"2007-09-11",10,7.6
"2007-09-11",11,6.8
"2007-09-11",12,6.5
"2007-09-11",13,6.4
"2007-09-11",14,6
"2007-09-11",15,6.8
"2007-09-11",16,6.8
"2007-09-11",17,6.6
"2007-09-11",18,6.5
"2007-09-11",19,6.6
"2007-09-11",20,6.7
"2007-09-11",21,6.7
"2007-09-11",22,6.7
"2007-09-11",23,6.9
"2007-09-11",24,6.8
"2007-09-11",25,6.9
"2007-09-11",26,6.8
"2007-09-11",27,6.7
"2007-09-11",28,6.8
"2007-09-11",29,6.1
"2007-09-11",30,5.6
"2011-06-21",23,9.42
"2011-06-21",24,9.39
"2011-06-21",25,9.33
"2011-06-21",26,9.26
"2011-06-21",27,9.09
"2011-06-21",28,9.05
"2011-06-21",29,8.95
"2011-06-21",30,8.47
"2011-07-19",0.5,8.28
"2011-07-19",1,8.31
"2011-07-19",2,8.33
"2011-07-19",3,8.34
"2011-07-19",4,8.33
"2011-07-19",5,8.6
"2011-07-19",6,8.72
"2011-07-19",7,9.38
"2011-07-19",8,9.31
"2011-07-19",9,9.28
"2011-07-19",10,9.37
"2011-07-19",11,9.22
"2011-07-19",12,9.08
"2011-07-19",13,8.95
"2011-07-19",14,8.89
"2011-07-19",15,8.53
"2011-07-19",16,8.44
"2011-07-19",17,8.4
"2011-07-19",18,8.5
"2011-07-19",19,8.49
"2011-07-19",20,8.31
"2011-07-19",21,8.25
"2011-07-19",22,8.22
"2011-07-19",23,8.17
"2011-07-19",24,8.1
"2011-05-31",0.5,9.71
"2011-05-31",1,9.76
"2011-05-31",2,9.82
"2011-05-31",3,9.88
"2011-05-31",4,10.24
"2011-05-31",5,10.44
"2011-05-31",6,10.52
"2011-05-31",7,10.66
"2011-05-31",8,10.71
"2011-05-31",9,10.78
"2011-05-31",10,10.73
"2011-05-31",11,10.74
"2011-05-31",12,10.8
"2011-05-31",13,10.81
"2011-05-31",14,10.82
"2011-05-31",15,10.78
"2011-05-31",16,10.8
"2011-05-31",17,10.81
"2011-05-31",18,10.8
"2011-05-31",19,10.78
"2011-05-31",20,10.8
"2011-05-31",21,10.81
"2011-05-31",22,10.82
"2011-05-31",23,10.81
"2011-05-31",24,10.72
"2011-05-31",25,10.68
"2011-05-31",26,10.67
"2011-05-31",27,10.64
"2011-05-31",28,10.58
"2011-05-31",29,10.45
"2011-06-21",0.5,8.82
"2011-06-21",1,8.88
"2011-06-21",2,8.92
"2011-06-21",3,8.95
"2011-06-21",4,8.97
"2011-06-21",5,9.25
"2011-06-21",6,9.56
"2011-06-21",7,9.62
"2011-06-21",8,9.68
"2011-06-21",9,9.84
"2011-06-21",10,9.73
"2011-06-21",11,9.57
"2011-06-21",12,9.53
"2011-06-21",13,9.53
"2011-06-21",14,9.57
"2011-06-21",15,9.67
"2011-06-21",16,9.67
"2011-06-21",17,9.53
"2011-06-21",18,9.58
"2011-06-21",19,9.63
"2011-06-21",20,9.61
"2011-06-21",21,9.54
"2011-06-21",22,9.51
"2011-07-19",25,7.97
"2011-07-19",26,7.9
"2011-07-19",27,7.67
"2011-07-19",28,7.37
"2011-07-19",29,7.21
"2011-07-19",30,7.01
"2011-08-17",0.5,8.48
"2011-09-19",0.5,8.89
"2012-05-23",0.5,8.88
"2012-05-23",1,8.91
"2012-05-23",2,9.02
"2012-05-23",3,9.15
"2012-05-23",4,9.26
"2012-05-23",5,9.46
"2012-05-23",6,9.76
"2012-05-23",7,9.75
"2012-05-23",8,9.71
"2012-05-23",9,9.63
"2012-05-23",10,9.53
"2012-05-23",11,9.5
"2012-05-23",12,9.39
"2012-05-23",13,9.35
"2012-05-23",14,9.33
"2012-05-23",15,9.31
"2012-05-23",16,9.2
"2012-05-23",17,9.23
"2012-05-23",18,9.19
"2012-05-23",19,9.11
"2012-05-23",20,9.16
"2012-05-23",21,9.12
"2012-05-23",22,9.08
"2012-05-23",23,9.06
"2012-05-23",24,8.96
"2012-05-23",25,8.84
"2012-05-23",26,8.78
"2012-05-23",27,8.66
"2012-05-23",28,8.54
"2012-05-23",29,8.39
"2012-05-23",30,8.28
"2012-06-19",0.5,8.61
"2012-06-19",1,8.6
"2012-06-19",2,8.61
"2012-06-19",3,8.62
"2012-06-19",4,8.66
"2012-06-19",5,8.66
"2012-06-19",6,8.65
"2012-06-19",7,9.31
"2012-06-19",8,9.27
"2012-06-19",9,9.26
"2012-06-19",10,9.07
"2012-06-19",11,8.99
"2012-06-19",12,8.99
"2012-06-19",13,8.92
"2012-06-19",14,8.65
"2012-06-19",15,8.41
"2012-06-19",16,8.23
"2012-06-19",17,8.17
"2012-06-19",18,8.17
"2012-06-19",19,8.17
"2012-06-19",20,8.19
"2012-06-19",21,8.09
"2012-06-19",22,7.93
"2012-06-19",23,7.87
"2012-06-19",24,7.73
"2012-06-19",25,7.7
"2012-06-19",26,7.68
"2012-06-19",27,7.64
"2012-06-19",28,7.49
"2012-06-19",29,7.44
"2012-07-23",0.5,8.04
"2012-07-23",1,8
"2012-07-23",2,7.97
"2012-07-23",3,7.95
"2012-07-23",4,7.93
"2012-07-23",5,7.92
"2012-07-23",6,7.9
"2012-07-23",7,8.34
"2012-07-23",8,8.37
"2012-07-23",9,8.63
"2012-07-23",10,8.28
"2012-07-23",11,8.22
"2012-07-23",12,7.88
"2012-07-23",13,7.45
"2012-07-23",14,7.55
"2012-07-23",15,7.45
"2012-07-23",16,6.74
"2012-07-23",17,6.69
"2012-07-23",18,6.81
"2012-07-23",19,6.75
"2012-07-23",20,6.68
"2012-07-23",21,6.51
"2012-07-23",22,6.26
"2012-07-23",23,6.21
"2012-07-23",24,6.03
"2012-07-23",25,5.83
"2012-07-23",26,5.67
"2012-07-23",27,5.63
"2012-07-23",28,5.38
"2012-07-23",29,5.32
"2012-08-20",0.1,8.48
"2012-08-20",1,8.41
"2012-08-20",2,8.33
"2012-08-20",3,8.3
"2012-08-20",4,8.28
"2012-08-20",5,8.25
"2012-08-20",6,8.23
"2012-08-20",7,8.21
"2012-08-20",8,8.24
"2012-08-20",9,8.16
"2012-08-20",10,8.07
"2012-08-20",11,7.72
"2012-08-20",12,7.36
"2012-08-20",13,7.33
"2012-08-20",14,6.53
"2012-08-20",15,6.32
"2012-08-20",16,5.87
"2012-08-20",17,5.7
"2012-08-20",18,5.66
"2012-08-20",19,5.9
"2012-08-20",20,5.67
"2012-08-20",21,5.59
"2012-08-20",22,5.28
"2012-08-20",23,5.16
"2012-08-20",24,5.06
"2012-08-20",25,4.8
"2012-08-20",26,4.2
"2012-08-20",27,3.74
"2012-08-20",28,3.32
"2012-08-20",29,3.28
"2012-09-17",0.1,8.74
"2012-09-17",1,8.7
"2012-09-17",2,8.65
"2012-09-17",3,8.62
"2012-09-17",4,8.59
"2012-09-17",5,8.56
"2012-09-17",6,8.53
"2012-09-17",7,8.5
"2012-09-17",8,8.48
"2012-09-17",9,8.46
"2012-09-17",10,7.42
"2012-09-17",11,6.81
"2012-09-17",12,5.99
"2012-09-17",13,5.55
"2012-09-17",14,5.26
"2012-09-17",15,4.96
"2012-09-17",16,4.87
"2012-09-17",17,4.84
"2012-09-17",18,4.56
"2012-09-17",19,4.6
"2012-09-17",20,4.34
"2012-09-17",21,4.15
"2012-09-17",22,3.74
"2012-09-17",23,3.68
"2012-09-17",24,3.25
"2012-09-17",25,2.97
"2012-09-17",26,2.84
"2012-09-17",27,2.66
"2012-09-17",28,2.39
"2012-09-17",29,2.16
"2012-09-17",30,1.88
"2012-08-20",0.5,8.48
"2012-09-17",0.5,8.74
"2013-06-17",0.5,9.33
"2013-06-17",1,9.39
"2013-06-17",2,9.43
"2013-06-17",3,9.44
"2013-06-17",4,9.45
"2013-06-17",5,9.45
"2013-06-17",6,9.61
"2013-06-17",7,9.7
"2013-06-17",8,10.07
"2013-06-17",9,10.21
"2013-06-17",10,10.2
"2013-06-17",11,10.15
"2013-06-17",12,10.08
"2013-06-17",13,10.07
"2013-06-17",14,10.07
"2013-06-17",15,9.84
"2013-06-17",16,9.94
"2013-06-17",17,9.95
"2013-06-17",18,10
"2013-06-17",19,10.06
"2013-06-17",20,10.01
"2013-06-17",21,9.98
"2013-06-17",22,9.93
"2013-06-17",23,9.87
"2013-06-17",24,9.86
"2013-06-17",25,9.8
"2013-06-17",26,9.65
"2013-06-17",27,9.66
"2013-06-17",28,9.62
"2013-06-17",29,9.57
"2013-07-15",0.5,6.77
"2013-07-15",1,6.78
"2013-07-15",2,6.76
"2013-07-15",3,6.75
"2013-07-15",4,6.73
"2013-07-15",5,7.26
"2013-07-15",6,7.64
"2013-07-15",7,7.65
"2013-07-15",8,7.56
"2013-07-15",9,7.55
"2013-07-15",10,7.52
"2013-07-15",11,7.51
"2013-07-15",12,7.35
"2013-07-15",13,7.31
"2013-07-15",14,7.32
"2013-07-15",15,7.37
"2013-07-15",16,7.4
"2013-07-15",17,7.38
"2013-07-15",18,7.4
"2013-07-15",19,7.46
"2013-07-15",20,7.29
"2013-07-15",21,7.13
"2013-07-15",22,7.04
"2013-07-15",23,6.96
"2013-07-15",24,6.92
"2013-07-15",25,6.89
"2013-07-15",26,7
"2013-07-15",27,6.86
"2013-07-15",28,6.71
"2013-07-15",29,6.4
"2013-07-15",30,6.19
"2013-08-19",0.5,8.36
"2013-08-19",1,8.29
"2013-08-19",2,8.26
"2013-08-19",3,8.23
"2013-08-19",4,8.2
"2013-08-19",5,8.15
"2013-08-19",6,8.14
"2013-08-19",7,8.06
"2013-08-19",8,7.99
"2013-08-19",9,7.85
"2013-08-19",10,7.66
"2013-08-19",11,7.71
"2013-08-19",12,7.23
"2013-08-19",13,7.41
"2013-08-19",14,6.98
"2013-08-19",15,6.99
"2013-08-19",16,7
"2013-08-19",17,6.89
"2013-08-19",18,6.89
"2013-08-19",19,6.8
"2013-08-19",20,7.05
"2013-08-19",21,6.92
"2013-08-19",22,6.42
"2013-08-19",23,6.37
"2013-08-19",24,6.37
"2013-08-19",25,6.25
"2013-08-19",26,6.05
"2013-08-19",27,5.71
"2013-08-19",28,5.46
"2013-08-19",29,5.39
"2013-08-19",30,5.36
"2013-09-17",0.1,8.55
"2013-09-17",1,8.49
"2013-09-17",2,8.44
"2013-09-17",3,8.4
"2013-09-17",4,8.38
"2013-09-17",5,8.35
"2013-09-17",6,8.33
"2013-09-17",7,8.27
"2013-09-17",8,8.24
"2013-09-17",9,8.21
"2013-09-17",10,6.79
"2013-09-17",11,6.38
"2013-09-17",12,6.14
"2013-09-17",13,6.27
"2013-09-17",14,6.03
"2013-09-17",15,5.69
"2013-09-17",16,5.54
"2013-09-17",17,5.62
"2013-09-17",18,5.64
"2013-09-17",19,5.58
"2013-09-17",20,5.38
"2013-09-17",21,5.26
"2013-09-17",22,5.2
"2013-09-17",23,4.83
"2013-09-17",24,4.84
"2013-09-17",25,4.78
"2013-09-17",26,4.54
"2013-09-17",27,4.53
"2013-09-17",28,4.23
"2013-09-17",29,4.08
"2013-09-17",30,2.51
"2014-06-09",0.5,9.17
"2014-06-09",1,9.25
"2014-06-09",2,9.29
"2014-06-09",3,9.31
"2014-06-09",4,9.39
"2014-06-09",5,9.7
"2014-06-09",6,10.04
"2014-06-09",7,10.18
"2014-06-09",8,10.27
"2014-06-09",9,10.52
"2014-06-09",10,10.52
"2014-06-09",11,10.43
"2014-06-09",12,10.4
"2014-06-09",13,10.35
"2014-06-09",14,10.27
"2014-06-09",15,10.35
"2014-06-09",16,10.4
"2014-06-09",17,10.32
"2014-06-09",18,10.34
"2014-06-09",19,10.3
"2014-06-09",20,10.32
"2014-06-09",21,10.3
"2014-06-09",22,10.29
"2014-06-09",23,10.14
"2014-06-09",24,10.1
"2014-06-09",25,10.08
"2014-06-09",26,10.02
"2014-06-09",27,9.87
"2014-06-09",28,9.74
"2014-06-09",29,9.64
"2014-06-09",30,9.59
"2014-05-27",0.5,9.96
"2014-05-27",1,10.13
"2014-05-27",2,10.24
"2014-05-27",3,10.27
"2014-05-27",4,10.44
"2014-05-27",5,10.5
"2014-05-27",6,10.59
"2014-05-27",7,10.64
"2014-05-27",8,10.65
"2014-05-27",9,10.7
"2014-05-27",10,10.7
"2014-05-27",11,10.72
"2014-05-27",12,10.71
"2014-05-27",13,10.68
"2014-05-27",14,10.7
"2014-05-27",15,10.72
"2014-05-27",16,10.74
"2014-05-27",17,10.73
"2014-05-27",18,10.88
"2014-05-27",19,10.98
"2014-05-27",20,10.96
"2014-05-27",21,10.9
"2014-05-27",22,10.91
"2014-05-27",23,10.89
"2014-05-27",24,10.89
"2014-05-27",25,10.86
"2014-05-27",26,10.84
"2014-05-27",27,10.85
"2014-05-27",28,10.79
"2014-05-27",29,10.7
"2014-05-27",30,10.55
"2014-07-22",0.5,8.29
"2014-07-22",1,8.3
"2014-07-22",2,8.3
"2014-07-22",3,8.32
"2014-07-22",4,8.32
"2014-07-22",5,8.33
"2014-07-22",6,8.3
"2014-07-22",7,8.51
"2014-07-22",8,8.72
"2014-07-22",9,9.24
"2014-07-22",10,9.53
"2014-07-22",11,9.73
"2014-07-22",12,9.74
"2014-07-22",13,9.22
"2014-07-22",14,9.04
"2014-07-22",15,9
"2014-07-22",16,8.9
"2014-07-22",17,8.82
"2014-07-22",18,8.77
"2014-07-22",19,8.52
"2014-07-22",20,8.68
"2014-07-22",21,8.54
"2014-07-22",22,8.33
"2014-07-22",23,8.3
"2014-07-22",24,8.28
"2014-07-22",25,8.23
"2014-07-22",26,7.95
"2014-07-22",27,7.87
"2014-07-22",28,7.58
"2014-07-22",29,7.2
"2014-07-22",30,7.21
"2014-08-19",0.5,8.62
"2014-08-19",1,8.6
"2014-08-19",2,8.59
"2014-08-19",3,8.58
"2014-08-19",4,8.57
"2014-08-19",5,8.56
"2014-08-19",6,8.55
"2014-08-19",7,8.54
"2014-08-19",8,8.53
"2014-08-19",9,8.37
"2014-08-19",10,8.62
"2014-08-19",11,8.3
"2014-08-19",12,8.12
"2014-08-19",13,8.12
"2014-08-19",14,7.57
"2014-08-19",15,7.32
"2014-08-19",16,7.34
"2014-08-19",17,7.28
"2014-08-19",18,7.42
"2014-08-19",19,7.42
"2014-08-19",20,7.3
"2014-08-19",21,7.08
"2014-08-19",22,6.99
"2014-08-19",23,6.82
"2014-08-19",24,6.73
"2014-08-19",25,6.39
"2014-08-19",26,6.33
"2014-08-19",27,6.2
"2014-08-19",28,6.05
"2014-08-19",29,5.83
"2014-08-19",30,5.8
"2014-09-15",0.5,9.05
"2014-09-15",1,8.85
"2014-09-15",2,8.83
"2014-09-15",3,8.78
"2014-09-15",4,8.75
"2014-09-15",5,8.73
"2014-09-15",6,8.72
"2014-09-15",7,8.71
"2014-09-15",8,8.69
"2014-09-15",9,8.7
"2014-09-15",10,8.2
"2014-09-15",11,6.98
"2014-09-15",12,6.46
"2014-09-15",13,6.78
"2014-09-15",14,6.35
"2014-09-15",15,6.28
"2014-09-15",16,6.12
"2014-09-15",17,6.23
"2014-09-15",18,6.13
"2014-09-15",19,6.02
"2014-09-15",20,5.81
"2014-09-15",21,5.79
"2014-09-15",22,5.59
"2014-09-15",23,5.47
"2014-09-15",24,5.41
"2014-09-15",25,5.05
"2014-09-15",26,4.89
"2014-09-15",27,4.85
"2014-09-15",28,4.59
"2014-09-15",29,4.41
"2014-09-15",30,3.84
"2014-08-19",0.5,8.62
"2014-08-19",1,8.6
"2014-08-19",2,8.59
"2014-08-19",3,8.57
"2014-08-19",4,8.57
"2014-08-19",5,8.56
"2014-08-19",6,8.54
"2014-08-19",7,8.51
"2014-08-19",8,8.48
"2014-08-19",9,8.05
"2014-08-19",10,7.25
"2014-08-19",11,7.3
"2014-08-19",12,7.28
"2014-08-19",13,7.21
"2014-08-19",14,7.46
"2014-08-19",15,7.62
"2014-08-19",16,7.71
"2014-08-19",17,7.43
"2014-08-19",18,7.12
"2014-08-19",19,6.89
"2014-08-19",20,5.57
"2014-08-19",21,4.44
"2014-08-19",22,3.43
"2014-08-19",23,2.89
"2014-08-19",24,0.83
"2015-06-22",0.5,8.84
"2015-06-22",1,8.84
"2015-06-22",2,8.87
"2015-06-22",3,8.87
"2015-06-22",4,8.88
"2015-06-22",5,8.89
"2015-06-22",6,8.87
"2015-06-22",7,9.1
"2015-06-22",8,9.59
"2015-06-22",9,9.86
"2015-06-22",10,9.96
"2015-06-22",11,9.97
"2015-06-22",12,9.98
"2015-06-22",13,10.1
"2015-06-22",14,10.08
"2015-06-22",15,10.09
"2015-06-22",16,10.08
"2015-06-22",17,10.08
"2015-06-22",18,10.08
"2015-06-22",19,10.03
"2015-06-22",20,10.05
"2015-06-22",21,10
"2015-06-22",22,10.07
"2015-06-22",23,9.93
"2015-06-22",24,9.87
"2015-06-22",25,9.83
"2015-06-22",26,9.79
"2015-06-22",27,9.84
"2015-06-22",28,9.7
"2015-06-22",29,9.67
"2015-06-22",30,9.48
"2015-07-20",0.5,8.45
"2015-07-20",1,8.46
"2015-07-20",2,8.47
"2015-07-20",3,8.49
"2015-07-20",4,8.5
"2015-07-20",5,8.49
"2015-07-20",6,8.51
"2015-07-20",7,8.68
"2015-07-20",8,9.21
"2015-07-20",9,9.31
"2015-07-20",10,9.38
"2015-07-20",11,9.54
"2015-07-20",12,9.34
"2015-07-20",13,9.36
"2015-07-20",14,9.18
"2015-07-20",15,9.29
"2015-07-20",16,9.14
"2015-07-20",17,9.21
"2015-07-20",18,9.08
"2015-07-20",19,9.1
"2015-07-20",20,9.02
"2015-07-20",21,9.12
"2015-07-20",22,8.89
"2015-07-20",23,8.83
"2015-07-20",24,8.64
"2015-07-20",25,8.52
"2015-07-20",26,8.43
"2015-07-20",27,8.38
"2015-07-20",28,8.04
"2015-07-20",29,7.74
"2015-07-20",30,7.61
"2015-08-10",0.1,8.22
"2015-08-10",1,8.2
"2015-08-10",2,8.2
"2015-08-10",3,8.17
"2015-08-10",4,8.16
"2015-08-10",5,8.13
"2015-08-10",6,8.11
"2015-08-10",7,8.11
"2015-08-10",8,9.07
"2015-08-10",9,9.32
"2015-08-10",10,9.38
"2015-08-10",11,9.17
"2015-08-10",12,8.99
"2015-08-10",13,8.9
"2015-08-10",14,8.77
"2015-08-10",15,8.58
"2015-08-10",16,8.58
"2015-08-10",17,8.26
"2015-08-10",18,8.26
"2015-08-10",19,8.22
"2015-08-10",20,8.24
"2015-08-10",21,8.31
"2015-08-10",22,7.91
"2015-08-10",23,7.72
"2015-08-10",24,7.58
"2015-08-10",25,7.63
"2015-08-10",26,7.4
"2015-08-10",27,7.32
"2015-08-10",28,7.17
"2015-08-10",29,7.13
"2015-09-21",0.5,8.66
"2015-09-21",1,8.59
"2015-09-21",2,8.56
"2015-09-21",3,8.52
"2015-09-21",4,8.48
"2015-09-21",5,8.46
"2015-09-21",6,8.44
"2015-09-21",7,8.42
"2015-09-21",8,8.41
"2015-09-21",9,8.39
"2015-09-21",10,9.25
"2015-09-21",11,8.39
"2015-09-21",12,7.68
"2015-09-21",13,7.3
"2015-09-21",14,7.4
"2015-09-21",15,7.37
"2015-09-21",16,6.89
"2015-09-21",17,6.68
"2015-09-21",18,6.74
"2015-09-21",19,6.82
"2015-09-21",20,6.78
"2015-09-21",21,6.8
"2015-09-21",22,6.18
"2015-09-21",23,6.05
"2015-09-21",24,5.96
"2015-09-21",25,5.77
"2015-09-21",26,5.52
"2015-09-21",27,5.42
"2015-09-21",28,5.3
"2015-09-21",29,5.07
"2015-09-21",30,4.4
